repeat,id,variant,median_ms,ok,exit_code,cpu_l2,cpu_max_abs,output_sha256,cast_fused,attention_fp16_fallback,seconds,error
0,flux2-512-attention,fp16,0.612375006,True,0,0.000354577635,2.54842939e-05,ea48ea50442871550e9fde956c45dfe7906a695e95566af40b319ece2a00b7b2,0,0,0.7627341747283936,
0,flux2-512-attention,previous_fp16,0.610000003,True,0,0.000354577635,2.54842939e-05,ea48ea50442871550e9fde956c45dfe7906a695e95566af40b319ece2a00b7b2,0,0,0.7452397346496582,
0,flux2-512-attention,int8,0.469374994,True,0,0.00447360451,0.000282483287,eaa1b0582cce1edf7d5643c994635fa45a2f4be5c1352c57698c8623bdfbff66,0,0,0.8240890502929688,
0,flux2-512-attention,previous_int8,0.473583335,True,0,0.00447360451,0.000282483287,eaa1b0582cce1edf7d5643c994635fa45a2f4be5c1352c57698c8623bdfbff66,0,0,0.82285475730896,
0,flux2-512-attention,mlx,0.626625,True,0,,1.93546e-05,,,,0.7309572696685791,
0,krea2-512-attention,fp16,0.416625,True,0,0.000450595153,2.45083709e-05,4701419a9e8f4f8ac3df75e5fc122670793bed75ebf09c2fe967a768eb693963,0,0,0.7917568683624268,
0,krea2-512-attention,previous_fp16,0.41475,True,0,0.000450595153,2.45083709e-05,4701419a9e8f4f8ac3df75e5fc122670793bed75ebf09c2fe967a768eb693963,0,0,0.7916519641876221,
0,krea2-512-attention,int8,0.320499996,True,0,0.00444507473,0.000299166574,638188a93d693a809e05845a5fe1ce23d06e142c1c89973fdbbccbbb14b56da0,0,0,0.8227541446685791,
0,krea2-512-attention,previous_int8,0.319500003,True,0,0.00444507473,0.000299166574,638188a93d693a809e05845a5fe1ce23d06e142c1c89973fdbbccbbb14b56da0,0,0,0.8324680328369141,
0,krea2-512-attention,mlx,0.4205,True,0,,2.41528e-05,,,,0.7875728607177734,
0,ideogram4-512-attention,fp16,0.48904166,True,0,0.00031627308,2.83553172e-05,b967c913c92619b6f720e19f6f521bfc9c081da285d03ff808a76f73337524c9,0,0,0.7812469005584717,
0,ideogram4-512-attention,previous_fp16,0.489500002,True,0,0.00031627308,2.83553172e-05,b967c913c92619b6f720e19f6f521bfc9c081da285d03ff808a76f73337524c9,0,0,0.7825121879577637,
0,ideogram4-512-attention,int8,0.490125007,True,0,0.00031627308,2.83553172e-05,b967c913c92619b6f720e19f6f521bfc9c081da285d03ff808a76f73337524c9,0,1,0.7829387187957764,
0,ideogram4-512-attention,previous_int8,0.489124999,True,0,0.00031627308,2.83553172e-05,b967c913c92619b6f720e19f6f521bfc9c081da285d03ff808a76f73337524c9,0,1,0.782588005065918,
0,ideogram4-512-attention,mlx,0.530875,True,0,,1.08917e-05,,,,0.7828490734100342,
0,qwen21-512-attention,fp16,0.269000011,True,0,0.000424297276,3.63572976e-05,4df699dc5560b602e1dde0d178db8853deca52cb7e3c02225b5282f6d0f03ccf,0,0,0.8717989921569824,
0,qwen21-512-attention,previous_fp16,0.268624994,True,0,0.000424297276,3.63572976e-05,4df699dc5560b602e1dde0d178db8853deca52cb7e3c02225b5282f6d0f03ccf,0,0,0.8453578948974609,
0,qwen21-512-attention,int8,0.206291676,True,0,0.00375241211,0.000214942626,29dda040e7cd0ff5966eba382e32d05912d14d287d0f93a1f4a6638233a7cbeb,0,0,0.9316871166229248,
0,qwen21-512-attention,previous_int8,0.207249992,True,0,0.00375241211,0.000214942626,29dda040e7cd0ff5966eba382e32d05912d14d287d0f93a1f4a6638233a7cbeb,0,0,0.9313912391662598,
0,qwen21-512-attention,mlx,0.273875,True,0,,3.63585e-05,,,,0.8234539031982422,
0,qwen21-1024-projection,fp16,1.100375,True,0,0.000208710424,0.429199219,438aed6e8f0a39e48a59fade7eba2ce5dddab1a794b9c131dc7b556b07cf8c64,0,0,0.9807379245758057,
0,qwen21-1024-projection,previous_fp16,1.09666667,True,0,0.000208710424,0.429199219,438aed6e8f0a39e48a59fade7eba2ce5dddab1a794b9c131dc7b556b07cf8c64,0,0,0.6837072372436523,
0,qwen21-1024-projection,fp32,1.09970833,True,0,0.000208710424,0.429199219,438aed6e8f0a39e48a59fade7eba2ce5dddab1a794b9c131dc7b556b07cf8c64,0,0,0.6854729652404785,
0,qwen21-1024-projection,previous_fp32,1.09441667,True,0,0.000208710424,0.429199219,438aed6e8f0a39e48a59fade7eba2ce5dddab1a794b9c131dc7b556b07cf8c64,0,0,0.6836910247802734,
0,qwen21-1024-projection,int8,0.62625001,True,0,0.00385180616,4.32373047,e4b5306e4af4713229a557fb85b81a0026a2032e2b86c9f5bd74fe30659730a1,0,0,1.1698229312896729,
0,qwen21-1024-projection,previous_int8,0.62729168,True,0,0.00385180616,4.32373047,e4b5306e4af4713229a557fb85b81a0026a2032e2b86c9f5bd74fe30659730a1,0,0,0.7785608768463135,
0,qwen21-1024-projection,mlx,1.09287,True,0,0.000279972,0.393555,,,,0.7139661312103271,
0,attn-d64-r257-c257,fp16,0.0261666573,True,0,0.00037779687,1.95383945e-05,e8f233b13fe4244403356d22b4860593aeddfcb979db4f63c77284c722e5ecb5,0,0,3.620051145553589,
0,attn-d64-r257-c257,previous_fp16,0.0261666573,True,0,0.00037779687,1.95383945e-05,e8f233b13fe4244403356d22b4860593aeddfcb979db4f63c77284c722e5ecb5,0,0,3.7105727195739746,
0,attn-d64-r257-c257,int8,0.0291250035,True,0,0.0230969572,0.00107532489,d3a353d13b217b42b45129ac88d46f3453fcc8285730b2dcda9d2ca77634581e,0,0,3.3890860080718994,
0,attn-d64-r257-c257,previous_int8,0.0292083423,True,0,0.0230969572,0.00107532489,d3a353d13b217b42b45129ac88d46f3453fcc8285730b2dcda9d2ca77634581e,0,0,3.377819776535034,
0,attn-d64-r257-c257,mlx,0.0177917,True,0,,1.86537e-05,,,,4.74986720085144,
0,vjp-d64,fp16,0.330499999,True,0,0.000183676321,7.89538513e-06,1d8162a8e99d113034696430cc543f6a5eafa613759dc61767f00eee0a05427f,0,0,0.8044679164886475,
0,vjp-d64,previous_fp16,0.330166673,True,0,0.000183676321,7.89538513e-06,1d8162a8e99d113034696430cc543f6a5eafa613759dc61767f00eee0a05427f,0,0,0.8045649528503418,
0,vjp-d64,int8,0.559249995,True,0,0.0195235831,0.000962530697,26b41b21f13e8c87dad6c425ae7941bd91bafe595841f454679c46074bfc51f4,0,0,0.7419359683990479,
0,vjp-d64,previous_int8,0.559374996,True,0,0.0195235831,0.000962530697,26b41b21f13e8c87dad6c425ae7941bd91bafe595841f454679c46074bfc51f4,0,0,0.7438068389892578,
0,vjp-d64,mlx,0.129375,True,0,,,,,,1.127837896347046,
0,attn-d128-r257-c257,fp16,0.031500007,True,0,0.000534168964,3.80008861e-05,f9508656b5e90fb16f9d96f96e2c056bfa97ad8d1f701c40e563f3b3da5237ca,0,0,3.093425989151001,
0,attn-d128-r257-c257,previous_fp16,0.0313750061,True,0,0.000534168964,3.80008861e-05,f9508656b5e90fb16f9d96f96e2c056bfa97ad8d1f701c40e563f3b3da5237ca,0,0,3.141606092453003,
0,attn-d128-r257-c257,int8,0.0425000035,True,0,0.0064779501,0.000401149205,c07b3b771545d9fecd64971643f49298127bf8b63aba9bf7510429d9a10bbc01,0,0,2.4083540439605713,
0,attn-d128-r257-c257,previous_int8,0.0428749918,True,0,0.0064779501,0.000401149205,c07b3b771545d9fecd64971643f49298127bf8b63aba9bf7510429d9a10bbc01,0,0,2.3565990924835205,
0,attn-d128-r257-c257,mlx,0.0334583,True,0,,2.60974e-05,,,,2.9042809009552,
0,vjp-d128,fp16,0.906041663,True,0,0.000490174053,3.40898012e-05,0a1166ac7458d2c7cf75738884c51f938b92c1d6104ef83c1afb2cfc40739994,0,0,0.6669960021972656,
0,vjp-d128,previous_fp16,0.910374991,True,0,0.000490174053,3.40898012e-05,0a1166ac7458d2c7cf75738884c51f938b92c1d6104ef83c1afb2cfc40739994,0,0,0.6659190654754639,
0,vjp-d128,int8,0.60941666,True,0,0.00570979377,0.000368427551,c5c2b764185c4711c1890ad2b37907c20c936d065c13bae7b14f51583537f4d5,0,0,0.735192060470581,
0,vjp-d128,previous_int8,0.608833332,True,0,0.00570979377,0.000368427551,c5c2b764185c4711c1890ad2b37907c20c936d065c13bae7b14f51583537f4d5,0,0,0.7342929840087891,
0,vjp-d128,mlx,0.165375,True,0,,,,,,1.1037607192993164,
0,attn-d256-r257-c257,fp16,0.0382500002,True,0,0.000359601631,4.60622159e-05,add9b82ccdce2cfc8260f4addeddbc1bd7e12524413dc1c20a81fc8c6d5a6e0e,0,0,2.6174259185791016,
0,attn-d256-r257-c257,previous_fp16,0.0381249993,True,0,0.000359601631,4.60622159e-05,add9b82ccdce2cfc8260f4addeddbc1bd7e12524413dc1c20a81fc8c6d5a6e0e,0,0,2.6236979961395264,
0,attn-d256-r257-c257,int8,0.0382083381,True,0,0.000359601631,4.60622159e-05,add9b82ccdce2cfc8260f4addeddbc1bd7e12524413dc1c20a81fc8c6d5a6e0e,0,1,2.626342296600342,
0,attn-d256-r257-c257,previous_int8,0.038333339,True,0,0.000359601631,4.60622159e-05,add9b82ccdce2cfc8260f4addeddbc1bd7e12524413dc1c20a81fc8c6d5a6e0e,0,1,2.623802900314331,
0,attn-d256-r257-c257,mlx,0.046875,True,0,,1.2161e-05,,,,2.342393159866333,
0,vjp-d256,fp16,1.886125,True,0,0.000351558153,4.86297304e-05,6485329d1b693190cd9d6e37ce1c90141f3668faaa6c34fb83274dc3d9b7a605,0,0,0.7033231258392334,
0,vjp-d256,previous_fp16,1.88666667,True,0,0.000351558153,4.86297304e-05,6485329d1b693190cd9d6e37ce1c90141f3668faaa6c34fb83274dc3d9b7a605,0,0,0.7103087902069092,
0,vjp-d256,int8,1.88549999,True,0,0.00464034608,0.000705031283,53e5ae0ccf8d3d50298cd9a6da7893093e20cd29b0b8e4bc519a01f6621da889,0,0,0.711176872253418,
0,vjp-d256,previous_int8,1.886,True,0,0.00464034608,0.000705031283,53e5ae0ccf8d3d50298cd9a6da7893093e20cd29b0b8e4bc519a01f6621da889,0,0,0.7034628391265869,
0,vjp-d256,mlx,0.259625,True,0,,,,,,0.9115190505981445,
0,smoke-gemm-m512,fp16,0.164791665,True,0,0.000302085613,0.749023438,99f06339768f92a73a0585b1318dfec3fa56b097ce98ee30070cd8fb031f476b,0,0,1.0461838245391846,
0,smoke-gemm-m512,previous_fp16,0.165375008,True,0,0.000302085613,0.749023438,99f06339768f92a73a0585b1318dfec3fa56b097ce98ee30070cd8fb031f476b,0,0,1.0322861671447754,
0,smoke-gemm-m512,fp32,0.179625,True,0,0.000200108219,0.286865234,8eae2df5ae179f3669bbd9ad3a19caeaea01a65fd13c9b57e391ea98a82a2705,0,0,1.2878961563110352,
0,smoke-gemm-m512,previous_fp32,0.179708324,True,0,0.000200108219,0.286865234,8eae2df5ae179f3669bbd9ad3a19caeaea01a65fd13c9b57e391ea98a82a2705,0,0,1.0008559226989746,
0,smoke-gemm-m512,int8,0.105250001,True,0,0.00422996076,5.27832031,ecbcd5b864b1ea3a106d6687d594e07d7cab286743f9168ffa25e066b20eb68f,0,0,1.3468670845031738,
0,smoke-gemm-m512,previous_int8,0.104541672,True,0,0.00422996076,5.27832031,ecbcd5b864b1ea3a106d6687d594e07d7cab286743f9168ffa25e066b20eb68f,0,0,1.3499000072479248,
0,smoke-gemm-m512,mlx,0.178458,True,0,0.000297948,0.393555,,,,1.0023128986358643,
0,smoke-gemm-m2048,fp16,0.59625,True,0,0.000192784717,0.429199219,5d4f8347b987fd733582e3f6ebf73258f4a895baf674fc839d1c0e6341afc8da,0,0,0.7462270259857178,
0,smoke-gemm-m2048,previous_fp16,0.566999995,True,0,0.000192784717,0.429199219,5d4f8347b987fd733582e3f6ebf73258f4a895baf674fc839d1c0e6341afc8da,0,0,0.7581510543823242,
0,smoke-gemm-m2048,fp32,0.592833327,True,0,0.000192784717,0.429199219,5d4f8347b987fd733582e3f6ebf73258f4a895baf674fc839d1c0e6341afc8da,0,0,0.75502610206604,
0,smoke-gemm-m2048,previous_fp32,0.594375,True,0,0.000192784717,0.429199219,5d4f8347b987fd733582e3f6ebf73258f4a895baf674fc839d1c0e6341afc8da,0,0,0.7537658214569092,
0,smoke-gemm-m2048,int8,0.330541661,True,0,0.00405805991,5.2746582,9fdbf35633ff251ef924afb5f90b4c6effc85a7c8e8df9b177760ab15783ff05,0,0,0.8492770195007324,
0,smoke-gemm-m2048,previous_int8,0.325583329,True,0,0.00405805991,5.2746582,9fdbf35633ff251ef924afb5f90b4c6effc85a7c8e8df9b177760ab15783ff05,0,0,0.8562459945678711,
0,smoke-gemm-m2048,mlx,0.597375,True,0,0.000210928,0.393555,,,,0.7773571014404297,
1,smoke-gemm-m2048,mlx,0.59275,True,0,0.000210928,0.393555,,,,0.7760839462280273,
1,smoke-gemm-m2048,previous_int8,0.324875,True,0,0.00405805991,5.2746582,9fdbf35633ff251ef924afb5f90b4c6effc85a7c8e8df9b177760ab15783ff05,0,0,0.854661226272583,
1,smoke-gemm-m2048,int8,0.330374998,True,0,0.00405805991,5.2746582,9fdbf35633ff251ef924afb5f90b4c6effc85a7c8e8df9b177760ab15783ff05,0,0,0.8523290157318115,
1,smoke-gemm-m2048,previous_fp32,0.595500009,True,0,0.000192784717,0.429199219,5d4f8347b987fd733582e3f6ebf73258f4a895baf674fc839d1c0e6341afc8da,0,0,0.7549629211425781,
1,smoke-gemm-m2048,fp32,0.594249999,True,0,0.000192784717,0.429199219,5d4f8347b987fd733582e3f6ebf73258f4a895baf674fc839d1c0e6341afc8da,0,0,0.7537670135498047,
1,smoke-gemm-m2048,previous_fp16,0.594083336,True,0,0.000192784717,0.429199219,5d4f8347b987fd733582e3f6ebf73258f4a895baf674fc839d1c0e6341afc8da,0,0,0.7595598697662354,
1,smoke-gemm-m2048,fp16,0.564541653,True,0,0.000192784717,0.429199219,5d4f8347b987fd733582e3f6ebf73258f4a895baf674fc839d1c0e6341afc8da,0,0,0.7539358139038086,
1,smoke-gemm-m512,mlx,0.179,True,0,0.000297948,0.393555,,,,0.9936721324920654,
1,smoke-gemm-m512,previous_int8,0.104124993,True,0,0.00422996076,5.27832031,ecbcd5b864b1ea3a106d6687d594e07d7cab286743f9168ffa25e066b20eb68f,0,0,1.3429689407348633,
1,smoke-gemm-m512,int8,0.105500003,True,0,0.00422996076,5.27832031,ecbcd5b864b1ea3a106d6687d594e07d7cab286743f9168ffa25e066b20eb68f,0,0,1.3433880805969238,
1,smoke-gemm-m512,previous_fp32,0.179999988,True,0,0.000200108219,0.286865234,8eae2df5ae179f3669bbd9ad3a19caeaea01a65fd13c9b57e391ea98a82a2705,0,0,0.9960062503814697,
1,smoke-gemm-m512,fp32,0.179750001,True,0,0.000200108219,0.286865234,8eae2df5ae179f3669bbd9ad3a19caeaea01a65fd13c9b57e391ea98a82a2705,0,0,1.0007238388061523,
1,smoke-gemm-m512,previous_fp16,0.165874997,True,0,0.000302085613,0.749023438,99f06339768f92a73a0585b1318dfec3fa56b097ce98ee30070cd8fb031f476b,0,0,1.0254759788513184,
1,smoke-gemm-m512,fp16,0.164500001,True,0,0.000302085613,0.749023438,99f06339768f92a73a0585b1318dfec3fa56b097ce98ee30070cd8fb031f476b,0,0,1.035642147064209,
1,vjp-d256,mlx,0.260625,True,0,,,,,,0.925544023513794,
1,vjp-d256,previous_int8,1.88729166,True,0,0.00464034608,0.000705031283,53e5ae0ccf8d3d50298cd9a6da7893093e20cd29b0b8e4bc519a01f6621da889,0,0,0.7011899948120117,
1,vjp-d256,int8,1.88641666,True,0,0.00464034608,0.000705031283,53e5ae0ccf8d3d50298cd9a6da7893093e20cd29b0b8e4bc519a01f6621da889,0,0,0.710277795791626,
1,vjp-d256,previous_fp16,1.88541667,True,0,0.000351558153,4.86297304e-05,6485329d1b693190cd9d6e37ce1c90141f3668faaa6c34fb83274dc3d9b7a605,0,0,0.698922872543335,
1,vjp-d256,fp16,1.88683334,True,0,0.000351558153,4.86297304e-05,6485329d1b693190cd9d6e37ce1c90141f3668faaa6c34fb83274dc3d9b7a605,0,0,0.6960258483886719,
1,attn-d256-r257-c257,mlx,0.047375,True,0,,1.2161e-05,,,,2.309846878051758,
1,attn-d256-r257-c257,previous_int8,0.0382500002,True,0,0.000359601631,4.60622159e-05,add9b82ccdce2cfc8260f4addeddbc1bd7e12524413dc1c20a81fc8c6d5a6e0e,0,1,2.65568470954895,
1,attn-d256-r257-c257,int8,0.0386250031,True,0,0.000359601631,4.60622159e-05,add9b82ccdce2cfc8260f4addeddbc1bd7e12524413dc1c20a81fc8c6d5a6e0e,0,1,2.623769998550415,
1,attn-d256-r257-c257,previous_fp16,0.0385000021,True,0,0.000359601631,4.60622159e-05,add9b82ccdce2cfc8260f4addeddbc1bd7e12524413dc1c20a81fc8c6d5a6e0e,0,0,2.648716926574707,
1,attn-d256-r257-c257,fp16,0.0385000021,True,0,0.000359601631,4.60622159e-05,add9b82ccdce2cfc8260f4addeddbc1bd7e12524413dc1c20a81fc8c6d5a6e0e,0,0,2.6264071464538574,
1,vjp-d128,mlx,0.166708,True,0,,,,,,1.1064567565917969,
1,vjp-d128,previous_int8,0.609333336,True,0,0.00570979377,0.000368427551,c5c2b764185c4711c1890ad2b37907c20c936d065c13bae7b14f51583537f4d5,0,0,0.740731954574585,
1,vjp-d128,int8,0.608666669,True,0,0.00570979377,0.000368427551,c5c2b764185c4711c1890ad2b37907c20c936d065c13bae7b14f51583537f4d5,0,0,0.7394680976867676,
1,vjp-d128,previous_fp16,0.682124999,True,0,0.000490174053,3.40898012e-05,0a1166ac7458d2c7cf75738884c51f938b92c1d6104ef83c1afb2cfc40739994,0,0,0.7083268165588379,
1,vjp-d128,fp16,0.678833341,True,0,0.000490174053,3.40898012e-05,0a1166ac7458d2c7cf75738884c51f938b92c1d6104ef83c1afb2cfc40739994,0,0,0.7082979679107666,
1,attn-d128-r257-c257,mlx,0.033375,True,0,,2.60974e-05,,,,2.9916250705718994,
1,attn-d128-r257-c257,previous_int8,0.0426666666,True,0,0.0064779501,0.000401149205,c07b3b771545d9fecd64971643f49298127bf8b63aba9bf7510429d9a10bbc01,0,0,2.399251937866211,
1,attn-d128-r257-c257,int8,0.0425000035,True,0,0.0064779501,0.000401149205,c07b3b771545d9fecd64971643f49298127bf8b63aba9bf7510429d9a10bbc01,0,0,2.3951098918914795,
1,attn-d128-r257-c257,previous_fp16,0.0314999925,True,0,0.000534168964,3.80008861e-05,f9508656b5e90fb16f9d96f96e2c056bfa97ad8d1f701c40e563f3b3da5237ca,0,0,3.154366970062256,
1,attn-d128-r257-c257,fp16,0.0314166682,True,0,0.000534168964,3.80008861e-05,f9508656b5e90fb16f9d96f96e2c056bfa97ad8d1f701c40e563f3b3da5237ca,0,0,3.1574220657348633,
1,vjp-d64,mlx,0.128708,True,0,,,,,,1.2906477451324463,
1,vjp-d64,previous_int8,0.558125001,True,0,0.0195235831,0.000962530697,26b41b21f13e8c87dad6c425ae7941bd91bafe595841f454679c46074bfc51f4,0,0,0.7539401054382324,
1,vjp-d64,int8,0.558875006,True,0,0.0195235831,0.000962530697,26b41b21f13e8c87dad6c425ae7941bd91bafe595841f454679c46074bfc51f4,0,0,0.7556688785552979,
1,vjp-d64,previous_fp16,0.333000004,True,0,0.000183676321,7.89538513e-06,1d8162a8e99d113034696430cc543f6a5eafa613759dc61767f00eee0a05427f,0,0,0.8061530590057373,
1,vjp-d64,fp16,0.32979167,True,0,0.000183676321,7.89538513e-06,1d8162a8e99d113034696430cc543f6a5eafa613759dc61767f00eee0a05427f,0,0,0.8131289482116699,
1,attn-d64-r257-c257,mlx,0.017625,True,0,,1.86537e-05,,,,5.051512002944946,
1,attn-d64-r257-c257,previous_int8,0.0292916666,True,0,0.0230969572,0.00107532489,d3a353d13b217b42b45129ac88d46f3453fcc8285730b2dcda9d2ca77634581e,0,0,3.2718539237976074,
1,attn-d64-r257-c257,int8,0.0294999918,True,0,0.0230969572,0.00107532489,d3a353d13b217b42b45129ac88d46f3453fcc8285730b2dcda9d2ca77634581e,0,0,3.3449349403381348,
1,attn-d64-r257-c257,previous_fp16,0.0264583359,True,0,0.00037779687,1.95383945e-05,e8f233b13fe4244403356d22b4860593aeddfcb979db4f63c77284c722e5ecb5,0,0,3.818497896194458,
1,attn-d64-r257-c257,fp16,0.026624999,True,0,0.00037779687,1.95383945e-05,e8f233b13fe4244403356d22b4860593aeddfcb979db4f63c77284c722e5ecb5,0,0,3.8032729625701904,
1,qwen21-1024-projection,mlx,1.09275,True,0,0.000279972,0.393555,,,,0.7225048542022705,
1,qwen21-1024-projection,previous_int8,0.626458335,True,0,0.00385180616,4.32373047,e4b5306e4af4713229a557fb85b81a0026a2032e2b86c9f5bd74fe30659730a1,0,0,0.7742960453033447,
1,qwen21-1024-projection,int8,0.627958332,True,0,0.00385180616,4.32373047,e4b5306e4af4713229a557fb85b81a0026a2032e2b86c9f5bd74fe30659730a1,0,0,0.7783200740814209,
1,qwen21-1024-projection,previous_fp32,1.095375,True,0,0.000208710424,0.429199219,438aed6e8f0a39e48a59fade7eba2ce5dddab1a794b9c131dc7b556b07cf8c64,0,0,0.6848399639129639,
1,qwen21-1024-projection,fp32,1.10054167,True,0,0.000208710424,0.429199219,438aed6e8f0a39e48a59fade7eba2ce5dddab1a794b9c131dc7b556b07cf8c64,0,0,0.6802968978881836,
1,qwen21-1024-projection,previous_fp16,1.10145834,True,0,0.000208710424,0.429199219,438aed6e8f0a39e48a59fade7eba2ce5dddab1a794b9c131dc7b556b07cf8c64,0,0,0.6816198825836182,
1,qwen21-1024-projection,fp16,1.09604167,True,0,0.000208710424,0.429199219,438aed6e8f0a39e48a59fade7eba2ce5dddab1a794b9c131dc7b556b07cf8c64,0,0,0.6793169975280762,
1,qwen21-512-attention,mlx,0.273625,True,0,,3.63585e-05,,,,0.843451976776123,
1,qwen21-512-attention,previous_int8,0.207375007,True,0,0.00375241211,0.000214942626,29dda040e7cd0ff5966eba382e32d05912d14d287d0f93a1f4a6638233a7cbeb,0,0,0.9420409202575684,
1,qwen21-512-attention,int8,0.20825,True,0,0.00375241211,0.000214942626,29dda040e7cd0ff5966eba382e32d05912d14d287d0f93a1f4a6638233a7cbeb,0,0,0.9382960796356201,
1,qwen21-512-attention,previous_fp16,0.269124997,True,0,0.000424297276,3.63572976e-05,4df699dc5560b602e1dde0d178db8853deca52cb7e3c02225b5282f6d0f03ccf,0,0,0.8672821521759033,
1,qwen21-512-attention,fp16,0.268749995,True,0,0.000424297276,3.63572976e-05,4df699dc5560b602e1dde0d178db8853deca52cb7e3c02225b5282f6d0f03ccf,0,0,0.8655638694763184,
1,ideogram4-512-attention,mlx,0.530875,True,0,,1.08917e-05,,,,0.7853291034698486,
1,ideogram4-512-attention,previous_int8,0.489750004,True,0,0.00031627308,2.83553172e-05,b967c913c92619b6f720e19f6f521bfc9c081da285d03ff808a76f73337524c9,0,1,0.7946219444274902,
1,ideogram4-512-attention,int8,0.489375001,True,0,0.00031627308,2.83553172e-05,b967c913c92619b6f720e19f6f521bfc9c081da285d03ff808a76f73337524c9,0,1,0.7935049533843994,
1,ideogram4-512-attention,previous_fp16,0.489708327,True,0,0.00031627308,2.83553172e-05,b967c913c92619b6f720e19f6f521bfc9c081da285d03ff808a76f73337524c9,0,0,0.787553071975708,
1,ideogram4-512-attention,fp16,0.488375008,True,0,0.00031627308,2.83553172e-05,b967c913c92619b6f720e19f6f521bfc9c081da285d03ff808a76f73337524c9,0,0,0.792630672454834,
1,krea2-512-attention,mlx,0.419333,True,0,,2.41528e-05,,,,0.8014810085296631,
1,krea2-512-attention,previous_int8,0.320666673,True,0,0.00444507473,0.000299166574,638188a93d693a809e05845a5fe1ce23d06e142c1c89973fdbbccbbb14b56da0,0,0,0.835284948348999,
1,krea2-512-attention,int8,0.319874991,True,0,0.00444507473,0.000299166574,638188a93d693a809e05845a5fe1ce23d06e142c1c89973fdbbccbbb14b56da0,0,0,0.8366861343383789,
1,krea2-512-attention,previous_fp16,0.413958333,True,0,0.000450595153,2.45083709e-05,4701419a9e8f4f8ac3df75e5fc122670793bed75ebf09c2fe967a768eb693963,0,0,0.8155050277709961,
1,krea2-512-attention,fp16,0.415208327,True,0,0.000450595153,2.45083709e-05,4701419a9e8f4f8ac3df75e5fc122670793bed75ebf09c2fe967a768eb693963,0,0,0.8072609901428223,
1,flux2-512-attention,mlx,0.621125,True,0,,1.93546e-05,,,,0.7315030097961426,
1,flux2-512-attention,previous_int8,0.468999991,True,0,0.00447360451,0.000282483287,eaa1b0582cce1edf7d5643c994635fa45a2f4be5c1352c57698c8623bdfbff66,0,0,0.8301188945770264,
1,flux2-512-attention,int8,0.47283333,True,0,0.00447360451,0.000282483287,eaa1b0582cce1edf7d5643c994635fa45a2f4be5c1352c57698c8623bdfbff66,0,0,0.828272819519043,
1,flux2-512-attention,previous_fp16,0.628416659,True,0,0.000354577635,2.54842939e-05,ea48ea50442871550e9fde956c45dfe7906a695e95566af40b319ece2a00b7b2,0,0,0.7572011947631836,
1,flux2-512-attention,fp16,0.608000002,True,0,0.000354577635,2.54842939e-05,ea48ea50442871550e9fde956c45dfe7906a695e95566af40b319ece2a00b7b2,0,0,0.7546367645263672,
