name,M,N,K,run,dtype,iterations,pair,baseline_ms,h256_ms,overhead_pct
qwen21_ffn_up,4096,12288,4096,sweep,bf16,10,0,21.939400,22.524000,2.6646
qwen21_ffn_up,4096,12288,4096,sweep,bf16,10,1,22.117600,22.487400,1.6720
qwen21_ffn_up,4096,12288,4096,sweep,bf16,10,2,21.992900,23.078300,4.9352
qwen21_ffn_up,4096,12288,4096,sweep,bf16,10,3,22.289300,22.488100,0.8919
qwen21_ffn_up,4096,12288,4096,sweep,bf16,10,4,22.431800,22.102300,-1.4689
qwen21_ffn_up,4096,12288,4096,sweep,bf16,10,5,22.724700,22.187800,-2.3626
qwen21_ffn_up,4096,12288,4096,sweep,bf16,10,6,22.254300,22.101300,-0.6875
qwen21_ffn_up,4096,12288,4096,sweep,bf16,10,7,22.025000,22.454700,1.9510
qwen21_ffn_up,4096,12288,4096,sweep,bf16,10,8,22.388400,21.781700,-2.7099
qwen21_ffn_up,4096,12288,4096,sweep,bf16,10,9,22.337900,22.387400,0.2216
qwen21_ffn_up,4096,12288,4096,sweep,bf16,10,10,22.285100,22.504600,0.9850
qwen21_ffn_up,4096,12288,4096,sweep,bf16,10,11,22.016900,22.392400,1.7055
qwen21_ffn_up,4096,12288,4096,sweep,bf16,10,12,22.351200,22.181300,-0.7601
qwen21_ffn_up,4096,12288,4096,sweep,bf16,10,13,22.329300,22.294200,-0.1572
qwen21_ffn_up,4096,12288,4096,sweep,bf16,10,14,22.418200,22.105100,-1.3966
qwen21_ffn_up,4096,12288,4096,sweep,bf16,10,15,22.157900,22.674400,2.3310
qwen21_ffn_up,4096,12288,4096,sweep,bf16,10,16,22.486300,22.195400,-1.2937
qwen21_ffn_up,4096,12288,4096,sweep,bf16,10,17,22.191500,22.424000,1.0477
qwen21_ffn_up,4096,12288,4096,sweep,bf16,10,18,22.123500,22.382900,1.1725
qwen21_ffn_up,4096,12288,4096,sweep,bf16,10,19,22.256900,22.207600,-0.2215
qwen21_ffn_up,4096,12288,4096,sweep,bf16,10,20,22.112900,22.114200,0.0059
qwen21_ffn_up,4096,12288,4096,sweep,bf16,10,21,22.322500,22.416300,0.4202
qwen21_ffn_up,4096,12288,4096,sweep,bf16,10,22,22.056800,22.544500,2.2111
qwen21_ffn_up,4096,12288,4096,sweep,bf16,10,23,22.387300,22.075300,-1.3936
qwen21_ffn_up,4096,12288,4096,sweep,bf16,10,24,22.048300,21.892900,-0.7048
qwen21_ffn_up,4096,12288,4096,sweep,bf16,10,25,22.167500,22.736400,2.5664
qwen21_ffn_up,4096,12288,4096,sweep,bf16,10,26,22.588900,22.770000,0.8017
qwen21_ffn_up,4096,12288,4096,sweep,bf16,10,27,22.081000,22.758300,3.0673
qwen21_ffn_up,4096,12288,4096,sweep,bf16,10,28,22.316700,22.435200,0.5310
qwen21_ffn_up,4096,12288,4096,sweep,bf16,10,29,22.910800,22.238200,-2.9357
qwen21_ffn_up,4096,12288,4096,sweep,bf16,10,30,22.521900,21.811600,-3.1538
qwen21_ffn_up,4096,12288,4096,sweep,bf16,10,31,22.361900,22.430300,0.3059
qwen21_ffn_up,4096,12288,4096,sweep,bf16,10,32,22.256600,22.240500,-0.0723
qwen21_ffn_up,4096,12288,4096,sweep,bf16,10,33,22.191200,22.403700,0.9576
qwen21_ffn_up,4096,12288,4096,sweep,bf16,10,34,23.004200,22.737100,-1.1611
qwen21_ffn_up,4096,12288,4096,sweep,bf16,10,35,22.387700,22.155700,-1.0363
qwen21_ffn_up,4096,12288,4096,sweep,bf16,10,36,22.168300,22.289800,0.5481
qwen21_ffn_up,4096,12288,4096,sweep,bf16,10,37,22.520100,22.403700,-0.5169
qwen21_ffn_up,4096,12288,4096,sweep,bf16,10,38,22.069200,22.164800,0.4332
qwen21_ffn_up,4096,12288,4096,sweep,bf16,10,39,22.215100,22.435100,0.9903
qwen21_ffn_up,4096,12288,4096,sweep,bf16,10,40,22.473900,22.537000,0.2808
qwen21_ffn_up,4096,12288,4096,sweep,bf16,10,41,22.354200,22.179100,-0.7833
qwen21_ffn_up,4096,12288,4096,sweep,bf16,10,42,22.197000,22.141500,-0.2500
qwen21_ffn_up,4096,12288,4096,sweep,bf16,10,43,22.671500,22.711100,0.1747
qwen21_ffn_up,4096,12288,4096,sweep,bf16,10,44,22.220300,22.514600,1.3245
qwen21_ffn_up,4096,12288,4096,sweep,bf16,10,45,22.405500,22.136400,-1.2010
qwen21_ffn_up,4096,12288,4096,sweep,bf16,10,46,22.372500,22.235300,-0.6133
qwen21_ffn_up,4096,12288,4096,sweep,bf16,10,47,22.415900,22.368600,-0.2110
qwen21_ffn_up,4096,12288,4096,sweep,bf16,10,48,22.531900,22.243100,-1.2817
qwen21_ffn_up,4096,12288,4096,sweep,bf16,10,49,21.855100,22.437400,2.6644
qwen21_ffn_up,4096,12288,4096,sweep,bf16,10,50,22.135900,21.910900,-1.0164
qwen21_ffn_down,4096,4096,12288,sweep,bf16,10,0,28.481700,28.149600,-1.1660
qwen21_ffn_down,4096,4096,12288,sweep,bf16,10,1,27.885900,27.428900,-1.6388
qwen21_ffn_down,4096,4096,12288,sweep,bf16,10,2,27.813700,27.434500,-1.3634
qwen21_ffn_down,4096,4096,12288,sweep,bf16,10,3,28.543500,27.495900,-3.6702
qwen21_ffn_down,4096,4096,12288,sweep,bf16,10,4,27.788100,28.437000,2.3352
qwen21_ffn_down,4096,4096,12288,sweep,bf16,10,5,28.896100,27.163900,-5.9946
qwen21_ffn_down,4096,4096,12288,sweep,bf16,10,6,28.024600,27.432800,-2.1117
qwen21_ffn_down,4096,4096,12288,sweep,bf16,10,7,28.452800,27.721400,-2.5706
qwen21_ffn_down,4096,4096,12288,sweep,bf16,10,8,28.443100,27.169300,-4.4784
qwen21_ffn_down,4096,4096,12288,sweep,bf16,10,9,27.915400,27.948000,0.1168
qwen21_ffn_down,4096,4096,12288,sweep,bf16,10,10,28.511900,27.869700,-2.2524
qwen21_ffn_down,4096,4096,12288,sweep,bf16,10,11,28.386800,27.658900,-2.5642
qwen21_ffn_down,4096,4096,12288,sweep,bf16,10,12,27.843700,27.272200,-2.0525
qwen21_ffn_down,4096,4096,12288,sweep,bf16,10,13,28.153200,27.692800,-1.6353
qwen21_ffn_down,4096,4096,12288,sweep,bf16,10,14,27.863400,27.893600,0.1084
qwen21_ffn_down,4096,4096,12288,sweep,bf16,10,15,27.331700,27.906600,2.1034
qwen21_ffn_down,4096,4096,12288,sweep,bf16,10,16,28.418700,27.217000,-4.2286
qwen21_ffn_down,4096,4096,12288,sweep,bf16,10,17,28.330800,28.165300,-0.5842
qwen21_ffn_down,4096,4096,12288,sweep,bf16,10,18,28.458300,27.661700,-2.7992
qwen21_ffn_down,4096,4096,12288,sweep,bf16,10,19,28.986800,27.448800,-5.3059
qwen21_ffn_down,4096,4096,12288,sweep,bf16,10,20,28.388700,27.991900,-1.3977
qwen21_ffn_down,4096,4096,12288,sweep,bf16,10,21,27.838500,27.447900,-1.4031
qwen21_ffn_down,4096,4096,12288,sweep,bf16,10,22,28.408000,27.442700,-3.3980
qwen21_ffn_down,4096,4096,12288,sweep,bf16,10,23,28.933300,26.465300,-8.5300
qwen21_ffn_down,4096,4096,12288,sweep,bf16,10,24,27.820600,27.447400,-1.3415
qwen21_ffn_down,4096,4096,12288,sweep,bf16,10,25,28.284800,27.653600,-2.2316
qwen21_ffn_down,4096,4096,12288,sweep,bf16,10,26,28.958300,27.706400,-4.3231
qwen21_ffn_down,4096,4096,12288,sweep,bf16,10,27,27.897700,26.912900,-3.5300
qwen21_ffn_down,4096,4096,12288,sweep,bf16,10,28,28.437800,27.391500,-3.6793
qwen21_ffn_down,4096,4096,12288,sweep,bf16,10,29,27.865100,27.233000,-2.2684
qwen21_ffn_down,4096,4096,12288,sweep,bf16,10,30,28.415300,27.417900,-3.5101
qwen21_ffn_down,4096,4096,12288,sweep,bf16,10,31,27.745800,27.929900,0.6635
qwen21_ffn_down,4096,4096,12288,sweep,bf16,10,32,28.463800,27.816000,-2.2759
qwen21_ffn_down,4096,4096,12288,sweep,bf16,10,33,28.397600,27.413400,-3.4658
qwen21_ffn_down,4096,4096,12288,sweep,bf16,10,34,28.411200,27.422300,-3.4807
qwen21_ffn_down,4096,4096,12288,sweep,bf16,10,35,27.478600,27.207900,-0.9851
qwen21_ffn_down,4096,4096,12288,sweep,bf16,10,36,26.380300,27.252400,3.3059
qwen21_ffn_down,4096,4096,12288,sweep,bf16,10,37,28.055700,27.399600,-2.3386
qwen21_ffn_down,4096,4096,12288,sweep,bf16,10,38,28.443800,27.357800,-3.8181
qwen21_ffn_down,4096,4096,12288,sweep,bf16,10,39,27.729500,27.467100,-0.9463
qwen21_ffn_down,4096,4096,12288,sweep,bf16,10,40,28.422800,27.457700,-3.3955
qwen21_ffn_down,4096,4096,12288,sweep,bf16,10,41,27.808800,28.345500,1.9300
qwen21_ffn_down,4096,4096,12288,sweep,bf16,10,42,27.868000,28.490900,2.2352
qwen21_ffn_down,4096,4096,12288,sweep,bf16,10,43,27.405000,27.986300,2.1211
qwen21_ffn_down,4096,4096,12288,sweep,bf16,10,44,27.904100,27.453600,-1.6145
qwen21_ffn_down,4096,4096,12288,sweep,bf16,10,45,27.883500,27.011500,-3.1273
qwen21_ffn_down,4096,4096,12288,sweep,bf16,10,46,28.455000,27.903200,-1.9392
qwen21_ffn_down,4096,4096,12288,sweep,bf16,10,47,28.011400,27.444400,-2.0242
qwen21_ffn_down,4096,4096,12288,sweep,bf16,10,48,27.856600,27.835500,-0.0757
qwen21_ffn_down,4096,4096,12288,sweep,bf16,10,49,28.467900,27.711600,-2.6567
qwen21_ffn_down,4096,4096,12288,sweep,bf16,10,50,27.940500,27.635800,-1.0905
klein4_single_in,4608,27648,3072,sweep,bf16,10,0,43.122600,43.198400,0.1758
klein4_single_in,4608,27648,3072,sweep,bf16,10,1,43.114600,42.976900,-0.3194
klein4_single_in,4608,27648,3072,sweep,bf16,10,2,43.167200,42.998000,-0.3920
klein4_single_in,4608,27648,3072,sweep,bf16,10,3,42.887100,42.872000,-0.0352
klein4_single_in,4608,27648,3072,sweep,bf16,10,4,43.151700,43.160200,0.0197
klein4_single_in,4608,27648,3072,sweep,bf16,10,5,43.056100,43.206300,0.3488
klein4_single_in,4608,27648,3072,sweep,bf16,10,6,43.191800,42.961300,-0.5337
klein4_single_in,4608,27648,3072,sweep,bf16,10,7,43.098000,43.178500,0.1868
klein4_single_in,4608,27648,3072,sweep,bf16,10,8,43.129000,43.139200,0.0236
klein4_single_in,4608,27648,3072,sweep,bf16,10,9,43.096900,43.277700,0.4195
klein4_single_in,4608,27648,3072,sweep,bf16,10,10,43.102400,43.231600,0.2998
klein4_single_in,4608,27648,3072,sweep,bf16,10,11,43.161200,43.081800,-0.1840
klein4_single_in,4608,27648,3072,sweep,bf16,10,12,42.990300,43.230100,0.5578
klein4_single_in,4608,27648,3072,sweep,bf16,10,13,43.101200,43.210100,0.2527
klein4_single_in,4608,27648,3072,sweep,bf16,10,14,43.136000,43.124500,-0.0267
klein4_single_in,4608,27648,3072,sweep,bf16,10,15,43.142000,43.039500,-0.2376
klein4_single_in,4608,27648,3072,sweep,bf16,10,16,42.959200,43.233100,0.6376
klein4_single_in,4608,27648,3072,sweep,bf16,10,17,43.135400,43.187600,0.1210
klein4_single_in,4608,27648,3072,sweep,bf16,10,18,43.115700,43.157700,0.0974
klein4_single_in,4608,27648,3072,sweep,bf16,10,19,43.202200,43.190600,-0.0269
klein4_single_in,4608,27648,3072,sweep,bf16,10,20,43.196400,43.273200,0.1778
klein4_single_in,4608,27648,3072,sweep,bf16,10,21,43.064200,43.236900,0.4010
klein4_single_in,4608,27648,3072,sweep,bf16,10,22,43.221100,43.195000,-0.0604
klein4_single_in,4608,27648,3072,sweep,bf16,10,23,43.144500,43.195400,0.1180
klein4_single_in,4608,27648,3072,sweep,bf16,10,24,43.146400,43.141200,-0.0121
klein4_single_in,4608,27648,3072,sweep,bf16,10,25,43.094500,43.164700,0.1629
klein4_single_in,4608,27648,3072,sweep,bf16,10,26,43.155600,43.209500,0.1249
klein4_single_in,4608,27648,3072,sweep,bf16,10,27,43.124600,43.164100,0.0916
klein4_single_in,4608,27648,3072,sweep,bf16,10,28,43.051100,43.185000,0.3110
klein4_single_in,4608,27648,3072,sweep,bf16,10,29,43.129200,43.192300,0.1463
klein4_single_in,4608,27648,3072,sweep,bf16,10,30,42.928500,43.226700,0.6946
klein4_single_in,4608,27648,3072,sweep,bf16,10,31,43.110300,43.119500,0.0213
klein4_single_in,4608,27648,3072,sweep,bf16,10,32,43.200400,43.232800,0.0750
klein4_single_in,4608,27648,3072,sweep,bf16,10,33,43.023600,43.048400,0.0576
klein4_single_in,4608,27648,3072,sweep,bf16,10,34,43.092500,42.836700,-0.5936
klein4_single_in,4608,27648,3072,sweep,bf16,10,35,43.105800,42.814900,-0.6749
klein4_single_in,4608,27648,3072,sweep,bf16,10,36,43.116600,43.248700,0.3064
klein4_single_in,4608,27648,3072,sweep,bf16,10,37,42.874200,43.222300,0.8119
klein4_single_in,4608,27648,3072,sweep,bf16,10,38,43.119600,43.246400,0.2941
klein4_single_in,4608,27648,3072,sweep,bf16,10,39,43.039100,43.233200,0.4510
klein4_single_in,4608,27648,3072,sweep,bf16,10,40,43.111900,43.166800,0.1273
klein4_single_in,4608,27648,3072,sweep,bf16,10,41,43.106000,43.250100,0.3343
klein4_single_in,4608,27648,3072,sweep,bf16,10,42,43.077700,43.265000,0.4348
klein4_single_in,4608,27648,3072,sweep,bf16,10,43,43.091800,43.207700,0.2690
klein4_single_in,4608,27648,3072,sweep,bf16,10,44,43.033500,43.207700,0.4048
klein4_single_in,4608,27648,3072,sweep,bf16,10,45,43.129900,43.235700,0.2453
klein4_single_in,4608,27648,3072,sweep,bf16,10,46,43.100400,43.254600,0.3578
klein4_single_in,4608,27648,3072,sweep,bf16,10,47,42.589700,43.193600,1.4179
klein4_single_in,4608,27648,3072,sweep,bf16,10,48,43.152400,43.232700,0.1861
klein4_single_in,4608,27648,3072,sweep,bf16,10,49,43.149600,43.193800,0.1024
klein4_single_in,4608,27648,3072,sweep,bf16,10,50,43.086200,43.168600,0.1912
klein4_single_out,4608,3072,12288,sweep,bf16,10,0,24.306100,23.831300,-1.9534
klein4_single_out,4608,3072,12288,sweep,bf16,10,1,23.880300,23.625600,-1.0666
klein4_single_out,4608,3072,12288,sweep,bf16,10,2,23.951200,23.532700,-1.7473
klein4_single_out,4608,3072,12288,sweep,bf16,10,3,23.312700,23.135600,-0.7597
klein4_single_out,4608,3072,12288,sweep,bf16,10,4,23.684100,23.056400,-2.6503
klein4_single_out,4608,3072,12288,sweep,bf16,10,5,23.620600,23.131100,-2.0723
klein4_single_out,4608,3072,12288,sweep,bf16,10,6,23.233500,23.897000,2.8558
klein4_single_out,4608,3072,12288,sweep,bf16,10,7,23.735300,23.401200,-1.4076
klein4_single_out,4608,3072,12288,sweep,bf16,10,8,23.804500,23.329100,-1.9971
klein4_single_out,4608,3072,12288,sweep,bf16,10,9,23.719900,23.151500,-2.3963
klein4_single_out,4608,3072,12288,sweep,bf16,10,10,23.779700,23.351600,-1.8003
klein4_single_out,4608,3072,12288,sweep,bf16,10,11,24.248900,23.526500,-2.9791
klein4_single_out,4608,3072,12288,sweep,bf16,10,12,23.341000,22.896000,-1.9065
klein4_single_out,4608,3072,12288,sweep,bf16,10,13,24.094600,23.770700,-1.3443
klein4_single_out,4608,3072,12288,sweep,bf16,10,14,23.955300,23.343800,-2.5527
klein4_single_out,4608,3072,12288,sweep,bf16,10,15,23.750100,23.330500,-1.7667
klein4_single_out,4608,3072,12288,sweep,bf16,10,16,23.442300,23.365700,-0.3268
klein4_single_out,4608,3072,12288,sweep,bf16,10,17,24.034100,23.733700,-1.2499
klein4_single_out,4608,3072,12288,sweep,bf16,10,18,23.222500,23.711700,2.1066
klein4_single_out,4608,3072,12288,sweep,bf16,10,19,24.226400,23.140300,-4.4831
klein4_single_out,4608,3072,12288,sweep,bf16,10,20,23.682700,23.358400,-1.3694
klein4_single_out,4608,3072,12288,sweep,bf16,10,21,23.735000,23.819100,0.3543
klein4_single_out,4608,3072,12288,sweep,bf16,10,22,23.320800,22.892500,-1.8366
klein4_single_out,4608,3072,12288,sweep,bf16,10,23,23.934000,23.369800,-2.3573
klein4_single_out,4608,3072,12288,sweep,bf16,10,24,23.693500,23.130600,-2.3758
klein4_single_out,4608,3072,12288,sweep,bf16,10,25,23.686300,23.529700,-0.6611
klein4_single_out,4608,3072,12288,sweep,bf16,10,26,23.763600,23.840500,0.3236
klein4_single_out,4608,3072,12288,sweep,bf16,10,27,23.733000,23.720600,-0.0522
klein4_single_out,4608,3072,12288,sweep,bf16,10,28,24.289700,23.601900,-2.8317
klein4_single_out,4608,3072,12288,sweep,bf16,10,29,23.573300,23.223100,-1.4856
klein4_single_out,4608,3072,12288,sweep,bf16,10,30,23.360400,23.417700,0.2453
klein4_single_out,4608,3072,12288,sweep,bf16,10,31,23.410100,23.307000,-0.4404
klein4_single_out,4608,3072,12288,sweep,bf16,10,32,23.956100,23.386000,-2.3798
klein4_single_out,4608,3072,12288,sweep,bf16,10,33,23.769100,23.148800,-2.6097
klein4_single_out,4608,3072,12288,sweep,bf16,10,34,24.097300,23.860900,-0.9810
klein4_single_out,4608,3072,12288,sweep,bf16,10,35,23.908400,23.438700,-1.9646
klein4_single_out,4608,3072,12288,sweep,bf16,10,36,23.766800,23.740700,-0.1098
klein4_single_out,4608,3072,12288,sweep,bf16,10,37,23.231100,23.327000,0.4128
klein4_single_out,4608,3072,12288,sweep,bf16,10,38,24.013900,23.110500,-3.7620
klein4_single_out,4608,3072,12288,sweep,bf16,10,39,23.764100,23.761000,-0.0130
klein4_single_out,4608,3072,12288,sweep,bf16,10,40,23.387400,22.937800,-1.9224
klein4_single_out,4608,3072,12288,sweep,bf16,10,41,23.729000,23.283200,-1.8787
klein4_single_out,4608,3072,12288,sweep,bf16,10,42,23.820900,23.132200,-2.8912
klein4_single_out,4608,3072,12288,sweep,bf16,10,43,23.896500,23.314200,-2.4368
klein4_single_out,4608,3072,12288,sweep,bf16,10,44,23.919800,23.283700,-2.6593
klein4_single_out,4608,3072,12288,sweep,bf16,10,45,23.204200,23.361400,0.6775
klein4_single_out,4608,3072,12288,sweep,bf16,10,46,23.183600,23.328300,0.6241
klein4_single_out,4608,3072,12288,sweep,bf16,10,47,23.693800,23.170000,-2.2107
klein4_single_out,4608,3072,12288,sweep,bf16,10,48,23.234100,22.862600,-1.5989
klein4_single_out,4608,3072,12288,sweep,bf16,10,49,23.809400,23.340700,-1.9686
klein4_single_out,4608,3072,12288,sweep,bf16,10,50,23.658900,22.870500,-3.3324
klein4_double_ffn_down,4096,3072,9216,sweep,bf16,10,0,14.318200,14.922600,4.2212
klein4_double_ffn_down,4096,3072,9216,sweep,bf16,10,1,15.046900,15.206200,1.0587
klein4_double_ffn_down,4096,3072,9216,sweep,bf16,10,2,14.783300,15.203800,2.8444
klein4_double_ffn_down,4096,3072,9216,sweep,bf16,10,3,14.785000,15.045200,1.7599
klein4_double_ffn_down,4096,3072,9216,sweep,bf16,10,4,15.038100,14.755300,-1.8806
klein4_double_ffn_down,4096,3072,9216,sweep,bf16,10,5,14.808600,14.887400,0.5321
klein4_double_ffn_down,4096,3072,9216,sweep,bf16,10,6,14.760200,15.180900,2.8502
klein4_double_ffn_down,4096,3072,9216,sweep,bf16,10,7,14.799000,15.036500,1.6048
klein4_double_ffn_down,4096,3072,9216,sweep,bf16,10,8,15.433900,15.085700,-2.2561
klein4_double_ffn_down,4096,3072,9216,sweep,bf16,10,9,15.145900,15.220500,0.4925
klein4_double_ffn_down,4096,3072,9216,sweep,bf16,10,10,14.844400,15.128700,1.9152
klein4_double_ffn_down,4096,3072,9216,sweep,bf16,10,11,14.986500,14.709900,-1.8457
klein4_double_ffn_down,4096,3072,9216,sweep,bf16,10,12,14.871400,14.963500,0.6193
klein4_double_ffn_down,4096,3072,9216,sweep,bf16,10,13,14.445400,15.217700,5.3463
klein4_double_ffn_down,4096,3072,9216,sweep,bf16,10,14,15.005000,14.845100,-1.0656
klein4_double_ffn_down,4096,3072,9216,sweep,bf16,10,15,15.478600,14.729900,-4.8370
klein4_double_ffn_down,4096,3072,9216,sweep,bf16,10,16,14.822100,15.190300,2.4841
klein4_double_ffn_down,4096,3072,9216,sweep,bf16,10,17,15.082600,14.713500,-2.4472
klein4_double_ffn_down,4096,3072,9216,sweep,bf16,10,18,14.707000,15.430400,4.9187
klein4_double_ffn_down,4096,3072,9216,sweep,bf16,10,19,15.147000,14.661000,-3.2086
klein4_double_ffn_down,4096,3072,9216,sweep,bf16,10,20,14.469700,14.876800,2.8135
klein4_double_ffn_down,4096,3072,9216,sweep,bf16,10,21,14.730600,14.948100,1.4765
klein4_double_ffn_down,4096,3072,9216,sweep,bf16,10,22,15.430200,14.869800,-3.6318
klein4_double_ffn_down,4096,3072,9216,sweep,bf16,10,23,15.331600,14.869500,-3.0140
klein4_double_ffn_down,4096,3072,9216,sweep,bf16,10,24,14.750300,14.775800,0.1729
klein4_double_ffn_down,4096,3072,9216,sweep,bf16,10,25,15.073100,14.908400,-1.0927
klein4_double_ffn_down,4096,3072,9216,sweep,bf16,10,26,14.757900,14.906000,1.0035
klein4_double_ffn_down,4096,3072,9216,sweep,bf16,10,27,15.035800,14.902600,-0.8859
klein4_double_ffn_down,4096,3072,9216,sweep,bf16,10,28,14.712900,14.919100,1.4015
klein4_double_ffn_down,4096,3072,9216,sweep,bf16,10,29,14.804400,14.591800,-1.4361
klein4_double_ffn_down,4096,3072,9216,sweep,bf16,10,30,14.681500,15.084800,2.7470
klein4_double_ffn_down,4096,3072,9216,sweep,bf16,10,31,15.208700,14.844300,-2.3960
klein4_double_ffn_down,4096,3072,9216,sweep,bf16,10,32,15.326500,14.714400,-3.9937
klein4_double_ffn_down,4096,3072,9216,sweep,bf16,10,33,15.156500,14.690300,-3.0759
klein4_double_ffn_down,4096,3072,9216,sweep,bf16,10,34,15.371500,14.997900,-2.4305
klein4_double_ffn_down,4096,3072,9216,sweep,bf16,10,35,14.814500,15.031600,1.4655
klein4_double_ffn_down,4096,3072,9216,sweep,bf16,10,36,14.993300,15.210600,1.4493
klein4_double_ffn_down,4096,3072,9216,sweep,bf16,10,37,14.914300,15.081500,1.1211
klein4_double_ffn_down,4096,3072,9216,sweep,bf16,10,38,15.340600,14.814500,-3.4295
klein4_double_ffn_down,4096,3072,9216,sweep,bf16,10,39,14.785600,15.208500,2.8602
klein4_double_ffn_down,4096,3072,9216,sweep,bf16,10,40,14.778700,14.919500,0.9527
klein4_double_ffn_down,4096,3072,9216,sweep,bf16,10,41,14.802200,14.885400,0.5621
klein4_double_ffn_down,4096,3072,9216,sweep,bf16,10,42,15.057900,14.884900,-1.1489
klein4_double_ffn_down,4096,3072,9216,sweep,bf16,10,43,14.721800,14.732200,0.0706
klein4_double_ffn_down,4096,3072,9216,sweep,bf16,10,44,15.028100,14.642900,-2.5632
klein4_double_ffn_down,4096,3072,9216,sweep,bf16,10,45,15.089300,15.047300,-0.2783
klein4_double_ffn_down,4096,3072,9216,sweep,bf16,10,46,15.094600,14.666000,-2.8394
klein4_double_ffn_down,4096,3072,9216,sweep,bf16,10,47,14.847000,14.720600,-0.8514
klein4_double_ffn_down,4096,3072,9216,sweep,bf16,10,48,17.703000,15.867800,-10.3666
klein4_double_ffn_down,4096,3072,9216,sweep,bf16,10,49,14.598800,15.207800,4.1716
klein4_double_ffn_down,4096,3072,9216,sweep,bf16,10,50,15.183600,14.966600,-1.4292
klein4_double_ffn_down,4096,3072,9216,confirmation,bf16,20,0,15.091550,15.223150,0.8720
klein4_double_ffn_down,4096,3072,9216,confirmation,bf16,20,1,17.114750,15.704650,-8.2391
klein4_double_ffn_down,4096,3072,9216,confirmation,bf16,20,2,15.552400,15.460850,-0.5887
klein4_double_ffn_down,4096,3072,9216,confirmation,bf16,20,3,15.028650,15.031800,0.0210
klein4_double_ffn_down,4096,3072,9216,confirmation,bf16,20,4,15.396850,15.414800,0.1166
klein4_double_ffn_down,4096,3072,9216,confirmation,bf16,20,5,15.089800,14.992300,-0.6461
klein4_double_ffn_down,4096,3072,9216,confirmation,bf16,20,6,15.302600,14.689250,-4.0081
klein4_double_ffn_down,4096,3072,9216,confirmation,bf16,20,7,15.292900,15.302000,0.0595
klein4_double_ffn_down,4096,3072,9216,confirmation,bf16,20,8,15.044250,15.424050,2.5246
klein4_double_ffn_down,4096,3072,9216,confirmation,bf16,20,9,15.363950,15.182300,-1.1823
klein4_double_ffn_down,4096,3072,9216,confirmation,bf16,20,10,15.445150,15.034450,-2.6591
klein4_double_ffn_down,4096,3072,9216,confirmation,bf16,20,11,15.299700,15.155900,-0.9399
klein4_double_ffn_down,4096,3072,9216,confirmation,bf16,20,12,15.097200,14.920450,-1.1707
klein4_double_ffn_down,4096,3072,9216,confirmation,bf16,20,13,15.361300,15.340350,-0.1364
klein4_double_ffn_down,4096,3072,9216,confirmation,bf16,20,14,15.299900,15.160200,-0.9131
klein4_double_ffn_down,4096,3072,9216,confirmation,bf16,20,15,15.113350,15.067850,-0.3011
klein4_double_ffn_down,4096,3072,9216,confirmation,bf16,20,16,15.209350,15.055450,-1.0119
klein4_double_ffn_down,4096,3072,9216,confirmation,bf16,20,17,15.177700,15.203850,0.1723
klein4_double_ffn_down,4096,3072,9216,confirmation,bf16,20,18,15.205300,15.498800,1.9302
klein4_double_ffn_down,4096,3072,9216,confirmation,bf16,20,19,15.428500,15.080950,-2.2526
klein4_double_ffn_down,4096,3072,9216,confirmation,bf16,20,20,15.075550,15.061300,-0.0945
klein4_double_ffn_down,4096,3072,9216,confirmation,bf16,20,21,15.110400,15.116050,0.0374
klein4_double_ffn_down,4096,3072,9216,confirmation,bf16,20,22,15.139450,15.009600,-0.8577
klein4_double_ffn_down,4096,3072,9216,confirmation,bf16,20,23,15.281700,15.155450,-0.8262
klein4_double_ffn_down,4096,3072,9216,confirmation,bf16,20,24,15.229250,15.132150,-0.6376
klein4_double_ffn_down,4096,3072,9216,confirmation,bf16,20,25,15.045400,15.061750,0.1087
klein4_double_ffn_down,4096,3072,9216,confirmation,bf16,20,26,15.262400,14.990000,-1.7848
klein4_double_ffn_down,4096,3072,9216,confirmation,bf16,20,27,15.327450,15.122550,-1.3368
klein4_double_ffn_down,4096,3072,9216,confirmation,bf16,20,28,15.059800,15.148850,0.5913
klein4_double_ffn_down,4096,3072,9216,confirmation,bf16,20,29,15.335500,15.277550,-0.3779
klein4_double_ffn_down,4096,3072,9216,confirmation,bf16,20,30,15.165100,15.301450,0.8991
klein4_double_ffn_down,4096,3072,9216,confirmation,bf16,20,31,15.085200,15.322400,1.5724
klein4_double_ffn_down,4096,3072,9216,confirmation,bf16,20,32,15.326450,14.891950,-2.8350
klein4_double_ffn_down,4096,3072,9216,confirmation,bf16,20,33,15.228100,14.934350,-1.9290
klein4_double_ffn_down,4096,3072,9216,confirmation,bf16,20,34,15.185100,14.970550,-1.4129
klein4_double_ffn_down,4096,3072,9216,confirmation,bf16,20,35,15.129100,15.052200,-0.5083
klein4_double_ffn_down,4096,3072,9216,confirmation,bf16,20,36,15.294600,14.987550,-2.0076
klein4_double_ffn_down,4096,3072,9216,confirmation,bf16,20,37,15.149900,15.131500,-0.1215
klein4_double_ffn_down,4096,3072,9216,confirmation,bf16,20,38,15.271600,15.283050,0.0750
klein4_double_ffn_down,4096,3072,9216,confirmation,bf16,20,39,15.429900,15.186150,-1.5797
klein4_double_ffn_down,4096,3072,9216,confirmation,bf16,20,40,15.120950,15.223500,0.6782
klein4_double_ffn_down,4096,3072,9216,confirmation,bf16,20,41,14.958200,15.004750,0.3112
klein4_double_ffn_down,4096,3072,9216,confirmation,bf16,20,42,15.056150,15.086200,0.1996
klein4_double_ffn_down,4096,3072,9216,confirmation,bf16,20,43,15.155100,15.309050,1.0158
klein4_double_ffn_down,4096,3072,9216,confirmation,bf16,20,44,14.972500,15.243400,1.8093
klein4_double_ffn_down,4096,3072,9216,confirmation,bf16,20,45,15.083150,14.946300,-0.9073
klein4_double_ffn_down,4096,3072,9216,confirmation,bf16,20,46,15.148700,15.116850,-0.2102
klein4_double_ffn_down,4096,3072,9216,confirmation,bf16,20,47,15.090500,15.245000,1.0238
klein4_double_ffn_down,4096,3072,9216,confirmation,bf16,20,48,15.411850,14.944050,-3.0353
klein4_double_ffn_down,4096,3072,9216,confirmation,bf16,20,49,15.304650,15.137300,-1.0935
klein4_double_ffn_down,4096,3072,9216,confirmation,bf16,20,50,15.220950,15.120800,-0.6580
klein4_double_ffn_down,4096,3072,9216,confirmation,bf16,20,51,15.438550,14.935600,-3.2578
klein4_double_ffn_down,4096,3072,9216,confirmation,bf16,20,52,15.261900,15.024800,-1.5535
klein4_double_ffn_down,4096,3072,9216,confirmation,bf16,20,53,14.959450,15.304950,2.3096
klein4_double_ffn_down,4096,3072,9216,confirmation,bf16,20,54,15.233300,15.242800,0.0624
klein4_double_ffn_down,4096,3072,9216,confirmation,bf16,20,55,15.110800,15.186900,0.5036
klein4_double_ffn_down,4096,3072,9216,confirmation,bf16,20,56,15.315400,14.994400,-2.0959
klein4_double_ffn_down,4096,3072,9216,confirmation,bf16,20,57,15.205450,15.052800,-1.0039
klein4_double_ffn_down,4096,3072,9216,confirmation,bf16,20,58,15.402950,15.102850,-1.9483
klein4_double_ffn_down,4096,3072,9216,confirmation,bf16,20,59,15.256100,15.178150,-0.5109
klein4_double_ffn_down,4096,3072,9216,confirmation,bf16,20,60,15.263650,15.218750,-0.2942
klein4_double_ffn_down,4096,3072,9216,confirmation,bf16,20,61,15.208400,15.264100,0.3662
klein4_double_ffn_down,4096,3072,9216,confirmation,bf16,20,62,15.142400,15.219500,0.5092
klein4_double_ffn_down,4096,3072,9216,confirmation,bf16,20,63,15.298350,15.307750,0.0614
klein4_double_ffn_down,4096,3072,9216,confirmation,bf16,20,64,15.214450,15.132750,-0.5370
klein4_double_ffn_down,4096,3072,9216,confirmation,bf16,20,65,15.127100,15.026850,-0.6627
klein4_double_ffn_down,4096,3072,9216,confirmation,bf16,20,66,15.208100,15.062200,-0.9594
klein4_double_ffn_down,4096,3072,9216,confirmation,bf16,20,67,15.266600,15.366650,0.6554
klein4_double_ffn_down,4096,3072,9216,confirmation,bf16,20,68,15.210800,14.975650,-1.5459
klein4_double_ffn_down,4096,3072,9216,confirmation,bf16,20,69,15.414950,14.984500,-2.7924
klein4_double_ffn_down,4096,3072,9216,confirmation,bf16,20,70,15.474950,15.015700,-2.9677
klein4_double_ffn_down,4096,3072,9216,confirmation,bf16,20,71,14.947850,14.969750,0.1465
klein4_double_ffn_down,4096,3072,9216,confirmation,bf16,20,72,15.242600,15.231450,-0.0732
klein4_double_ffn_down,4096,3072,9216,confirmation,bf16,20,73,15.263300,15.171000,-0.6047
klein4_double_ffn_down,4096,3072,9216,confirmation,bf16,20,74,14.930500,15.264350,2.2360
klein4_double_ffn_down,4096,3072,9216,confirmation,bf16,20,75,15.138150,15.392900,1.6828
klein4_double_ffn_down,4096,3072,9216,confirmation,bf16,20,76,15.264650,15.398500,0.8769
klein4_double_ffn_down,4096,3072,9216,confirmation,bf16,20,77,15.126900,15.109200,-0.1170
klein4_double_ffn_down,4096,3072,9216,confirmation,bf16,20,78,15.035800,15.084850,0.3262
klein4_double_ffn_down,4096,3072,9216,confirmation,bf16,20,79,15.151650,15.260800,0.7204
klein4_double_ffn_down,4096,3072,9216,confirmation,bf16,20,80,15.374250,15.242250,-0.8586
klein4_double_ffn_down,4096,3072,9216,confirmation,bf16,20,81,15.256950,15.057300,-1.3086
klein4_double_ffn_down,4096,3072,9216,confirmation,bf16,20,82,15.393800,15.004000,-2.5322
klein4_double_ffn_down,4096,3072,9216,confirmation,bf16,20,83,15.415500,15.240350,-1.1362
klein4_double_ffn_down,4096,3072,9216,confirmation,bf16,20,84,14.925250,17.150400,14.9086
klein4_double_ffn_down,4096,3072,9216,confirmation,bf16,20,85,15.380700,15.035400,-2.2450
klein4_double_ffn_down,4096,3072,9216,confirmation,bf16,20,86,14.928950,15.109900,1.2121
klein4_double_ffn_down,4096,3072,9216,confirmation,bf16,20,87,15.088700,15.245300,1.0379
klein4_double_ffn_down,4096,3072,9216,confirmation,bf16,20,88,15.236900,15.212150,-0.1624
klein4_double_ffn_down,4096,3072,9216,confirmation,bf16,20,89,15.159700,15.128850,-0.2035
klein4_double_ffn_down,4096,3072,9216,confirmation,bf16,20,90,15.285200,15.321100,0.2349
klein4_double_ffn_down,4096,3072,9216,confirmation,bf16,20,91,15.166800,15.037550,-0.8522
klein4_double_ffn_down,4096,3072,9216,confirmation,bf16,20,92,15.107050,15.112900,0.0387
klein4_double_ffn_down,4096,3072,9216,confirmation,bf16,20,93,15.264200,15.061600,-1.3273
klein4_double_ffn_down,4096,3072,9216,confirmation,bf16,20,94,15.292150,15.480050,1.2287
klein4_double_ffn_down,4096,3072,9216,confirmation,bf16,20,95,15.098300,15.199050,0.6673
klein4_double_ffn_down,4096,3072,9216,confirmation,bf16,20,96,15.398000,15.046950,-2.2798
klein4_double_ffn_down,4096,3072,9216,confirmation,bf16,20,97,15.304650,15.484800,1.1771
klein4_double_ffn_down,4096,3072,9216,confirmation,bf16,20,98,15.134400,15.090050,-0.2930
klein4_double_ffn_down,4096,3072,9216,confirmation,bf16,20,99,15.045600,14.974050,-0.4756
klein4_double_ffn_down,4096,3072,9216,confirmation,bf16,20,100,15.292100,14.989650,-1.9778
klein9_single_in,4608,36864,4096,sweep,bf16,10,0,71.679800,69.969900,-2.3855
klein9_single_in,4608,36864,4096,sweep,bf16,10,1,67.936600,69.610400,2.4638
klein9_single_in,4608,36864,4096,sweep,bf16,10,2,68.852400,70.276800,2.0688
klein9_single_in,4608,36864,4096,sweep,bf16,10,3,71.096600,69.978200,-1.5731
klein9_single_in,4608,36864,4096,sweep,bf16,10,4,69.235600,70.955600,2.4843
klein9_single_in,4608,36864,4096,sweep,bf16,10,5,70.972200,70.211300,-1.0721
klein9_single_in,4608,36864,4096,sweep,bf16,10,6,67.243500,70.253200,4.4758
klein9_single_in,4608,36864,4096,sweep,bf16,10,7,69.971600,71.767000,2.5659
klein9_single_in,4608,36864,4096,sweep,bf16,10,8,69.879300,69.774300,-0.1503
klein9_single_in,4608,36864,4096,sweep,bf16,10,9,72.038600,69.191900,-3.9516
klein9_single_in,4608,36864,4096,sweep,bf16,10,10,70.102900,68.553700,-2.2099
klein9_single_in,4608,36864,4096,sweep,bf16,10,11,69.927800,70.650300,1.0332
klein9_single_in,4608,36864,4096,sweep,bf16,10,12,70.063300,69.706100,-0.5098
klein9_single_in,4608,36864,4096,sweep,bf16,10,13,70.203900,68.088100,-3.0138
klein9_single_in,4608,36864,4096,sweep,bf16,10,14,70.139800,70.303100,0.2328
klein9_single_in,4608,36864,4096,sweep,bf16,10,15,68.082900,69.644900,2.2943
klein9_single_in,4608,36864,4096,sweep,bf16,10,16,70.285500,71.741000,2.0708
klein9_single_in,4608,36864,4096,sweep,bf16,10,17,69.788100,69.968900,0.2591
klein9_single_in,4608,36864,4096,sweep,bf16,10,18,70.807800,69.019700,-2.5253
klein9_single_in,4608,36864,4096,sweep,bf16,10,19,67.552600,69.702500,3.1826
klein9_single_in,4608,36864,4096,sweep,bf16,10,20,69.874800,70.086100,0.3024
klein9_single_in,4608,36864,4096,sweep,bf16,10,21,71.707100,71.476100,-0.3221
klein9_single_in,4608,36864,4096,sweep,bf16,10,22,69.865600,69.634300,-0.3311
klein9_single_in,4608,36864,4096,sweep,bf16,10,23,69.016400,67.633800,-2.0033
klein9_single_in,4608,36864,4096,sweep,bf16,10,24,70.637900,71.208800,0.8082
klein9_single_in,4608,36864,4096,sweep,bf16,10,25,70.348600,70.720700,0.5289
klein9_single_in,4608,36864,4096,sweep,bf16,10,26,70.801300,70.095400,-0.9970
klein9_single_in,4608,36864,4096,sweep,bf16,10,27,70.079300,71.471800,1.9870
klein9_single_in,4608,36864,4096,sweep,bf16,10,28,70.027800,69.998400,-0.0420
klein9_single_in,4608,36864,4096,sweep,bf16,10,29,71.772900,69.995000,-2.4771
klein9_single_in,4608,36864,4096,sweep,bf16,10,30,69.755400,70.127900,0.5340
klein9_single_in,4608,36864,4096,sweep,bf16,10,31,70.184000,69.863600,-0.4565
klein9_single_in,4608,36864,4096,sweep,bf16,10,32,69.987200,70.325900,0.4839
klein9_single_in,4608,36864,4096,sweep,bf16,10,33,69.928200,69.839600,-0.1267
klein9_single_in,4608,36864,4096,sweep,bf16,10,34,70.897900,70.317700,-0.8184
klein9_single_in,4608,36864,4096,sweep,bf16,10,35,70.268200,67.050800,-4.5787
klein9_single_in,4608,36864,4096,sweep,bf16,10,36,71.209600,69.850600,-1.9085
klein9_single_in,4608,36864,4096,sweep,bf16,10,37,69.909600,70.361900,0.6470
klein9_single_in,4608,36864,4096,sweep,bf16,10,38,69.723600,70.196700,0.6785
klein9_single_in,4608,36864,4096,sweep,bf16,10,39,68.515800,69.675600,1.6927
klein9_single_in,4608,36864,4096,sweep,bf16,10,40,70.886700,70.299400,-0.8285
klein9_single_in,4608,36864,4096,sweep,bf16,10,41,69.733800,70.011700,0.3985
klein9_single_in,4608,36864,4096,sweep,bf16,10,42,68.969000,71.856900,4.1872
klein9_single_in,4608,36864,4096,sweep,bf16,10,43,70.409200,71.835100,2.0252
klein9_single_in,4608,36864,4096,sweep,bf16,10,44,72.859600,71.529900,-1.8250
klein9_single_in,4608,36864,4096,sweep,bf16,10,45,70.378200,70.119200,-0.3680
klein9_single_in,4608,36864,4096,sweep,bf16,10,46,70.668700,70.937500,0.3804
klein9_single_in,4608,36864,4096,sweep,bf16,10,47,70.768300,70.280900,-0.6887
klein9_single_in,4608,36864,4096,sweep,bf16,10,48,70.781800,69.978800,-1.1345
klein9_single_in,4608,36864,4096,sweep,bf16,10,49,71.017800,70.093300,-1.3018
klein9_single_in,4608,36864,4096,sweep,bf16,10,50,71.678000,69.940600,-2.4239
klein9_single_out,4608,4096,16384,sweep,bf16,10,0,41.475700,40.747400,-1.7560
klein9_single_out,4608,4096,16384,sweep,bf16,10,1,41.273800,40.117700,-2.8011
klein9_single_out,4608,4096,16384,sweep,bf16,10,2,41.399700,40.746900,-1.5768
klein9_single_out,4608,4096,16384,sweep,bf16,10,3,41.274100,40.717100,-1.3495
klein9_single_out,4608,4096,16384,sweep,bf16,10,4,40.880100,40.673300,-0.5059
klein9_single_out,4608,4096,16384,sweep,bf16,10,5,41.455600,40.691100,-1.8441
klein9_single_out,4608,4096,16384,sweep,bf16,10,6,41.301100,40.600100,-1.6973
klein9_single_out,4608,4096,16384,sweep,bf16,10,7,41.437100,40.287300,-2.7748
klein9_single_out,4608,4096,16384,sweep,bf16,10,8,41.352000,40.476200,-2.1179
klein9_single_out,4608,4096,16384,sweep,bf16,10,9,41.098900,40.627200,-1.1477
klein9_single_out,4608,4096,16384,sweep,bf16,10,10,40.703600,40.601400,-0.2511
klein9_single_out,4608,4096,16384,sweep,bf16,10,11,41.267600,40.694500,-1.3887
klein9_single_out,4608,4096,16384,sweep,bf16,10,12,41.493200,40.678800,-1.9627
klein9_single_out,4608,4096,16384,sweep,bf16,10,13,41.283400,40.772500,-1.2375
klein9_single_out,4608,4096,16384,sweep,bf16,10,14,41.332200,40.685700,-1.5642
klein9_single_out,4608,4096,16384,sweep,bf16,10,15,41.365700,40.753300,-1.4805
klein9_single_out,4608,4096,16384,sweep,bf16,10,16,40.660100,40.713500,0.1313
klein9_single_out,4608,4096,16384,sweep,bf16,10,17,40.707100,40.756100,0.1204
klein9_single_out,4608,4096,16384,sweep,bf16,10,18,41.297900,40.718300,-1.4035
klein9_single_out,4608,4096,16384,sweep,bf16,10,19,41.484700,40.809600,-1.6273
klein9_single_out,4608,4096,16384,sweep,bf16,10,20,41.381300,40.739300,-1.5514
klein9_single_out,4608,4096,16384,sweep,bf16,10,21,41.396900,40.764600,-1.5274
klein9_single_out,4608,4096,16384,sweep,bf16,10,22,41.099500,40.439200,-1.6066
klein9_single_out,4608,4096,16384,sweep,bf16,10,23,41.456700,40.382500,-2.5911
klein9_single_out,4608,4096,16384,sweep,bf16,10,24,41.404200,40.752300,-1.5745
klein9_single_out,4608,4096,16384,sweep,bf16,10,25,41.395100,40.720100,-1.6306
klein9_single_out,4608,4096,16384,sweep,bf16,10,26,41.509200,40.679100,-1.9998
klein9_single_out,4608,4096,16384,sweep,bf16,10,27,41.292900,40.768000,-1.2712
klein9_single_out,4608,4096,16384,sweep,bf16,10,28,41.481700,40.743400,-1.7798
klein9_single_out,4608,4096,16384,sweep,bf16,10,29,41.372000,38.921700,-5.9226
klein9_single_out,4608,4096,16384,sweep,bf16,10,30,41.566100,40.685600,-2.1183
klein9_single_out,4608,4096,16384,sweep,bf16,10,31,41.597000,40.899100,-1.6778
klein9_single_out,4608,4096,16384,sweep,bf16,10,32,41.542100,40.734300,-1.9445
klein9_single_out,4608,4096,16384,sweep,bf16,10,33,41.249900,40.890100,-0.8722
klein9_single_out,4608,4096,16384,sweep,bf16,10,34,41.508700,40.802600,-1.7011
klein9_single_out,4608,4096,16384,sweep,bf16,10,35,41.590900,40.735200,-2.0574
klein9_single_out,4608,4096,16384,sweep,bf16,10,36,41.131200,40.059600,-2.6053
klein9_single_out,4608,4096,16384,sweep,bf16,10,37,41.560900,40.881100,-1.6357
klein9_single_out,4608,4096,16384,sweep,bf16,10,38,41.500600,40.651800,-2.0453
klein9_single_out,4608,4096,16384,sweep,bf16,10,39,41.508500,40.842900,-1.6035
klein9_single_out,4608,4096,16384,sweep,bf16,10,40,41.415600,40.906500,-1.2292
klein9_single_out,4608,4096,16384,sweep,bf16,10,41,41.520700,40.732600,-1.8981
klein9_single_out,4608,4096,16384,sweep,bf16,10,42,41.003400,40.831600,-0.4190
klein9_single_out,4608,4096,16384,sweep,bf16,10,43,41.549600,40.851100,-1.6811
klein9_single_out,4608,4096,16384,sweep,bf16,10,44,41.546100,40.535700,-2.4320
klein9_single_out,4608,4096,16384,sweep,bf16,10,45,41.260100,40.855900,-0.9796
klein9_single_out,4608,4096,16384,sweep,bf16,10,46,41.488600,40.830300,-1.5867
klein9_single_out,4608,4096,16384,sweep,bf16,10,47,41.178000,40.720700,-1.1105
klein9_single_out,4608,4096,16384,sweep,bf16,10,48,40.758800,40.549400,-0.5138
klein9_single_out,4608,4096,16384,sweep,bf16,10,49,41.128200,40.909700,-0.5313
klein9_single_out,4608,4096,16384,sweep,bf16,10,50,41.567700,40.840900,-1.7485
h3_4k_q,4096,7168,5376,sweep,bf16,10,0,18.270800,18.383900,0.6190
h3_4k_q,4096,7168,5376,sweep,bf16,10,1,17.868100,18.711500,4.7201
h3_4k_q,4096,7168,5376,sweep,bf16,10,2,18.600900,18.469100,-0.7086
h3_4k_q,4096,7168,5376,sweep,bf16,10,3,18.373800,18.449500,0.4120
h3_4k_q,4096,7168,5376,sweep,bf16,10,4,18.436200,18.258400,-0.9644
h3_4k_q,4096,7168,5376,sweep,bf16,10,5,18.303100,18.397100,0.5136
h3_4k_q,4096,7168,5376,sweep,bf16,10,6,18.659000,18.476100,-0.9802
h3_4k_q,4096,7168,5376,sweep,bf16,10,7,18.391400,18.451200,0.3252
h3_4k_q,4096,7168,5376,sweep,bf16,10,8,18.391900,18.522800,0.7117
h3_4k_q,4096,7168,5376,sweep,bf16,10,9,18.326300,18.277500,-0.2663
h3_4k_q,4096,7168,5376,sweep,bf16,10,10,18.294000,18.702700,2.2341
h3_4k_q,4096,7168,5376,sweep,bf16,10,11,18.395200,18.411100,0.0864
h3_4k_q,4096,7168,5376,sweep,bf16,10,12,18.330700,18.612800,1.5389
h3_4k_q,4096,7168,5376,sweep,bf16,10,13,18.319000,18.297100,-0.1195
h3_4k_q,4096,7168,5376,sweep,bf16,10,14,18.646800,18.491900,-0.8307
h3_4k_q,4096,7168,5376,sweep,bf16,10,15,18.289300,18.388500,0.5424
h3_4k_q,4096,7168,5376,sweep,bf16,10,16,18.581000,18.614800,0.1819
h3_4k_q,4096,7168,5376,sweep,bf16,10,17,18.115200,18.722800,3.3541
h3_4k_q,4096,7168,5376,sweep,bf16,10,18,18.361500,18.055600,-1.6660
h3_4k_q,4096,7168,5376,sweep,bf16,10,19,18.651400,18.769700,0.6343
h3_4k_q,4096,7168,5376,sweep,bf16,10,20,18.134400,18.751400,3.4024
h3_4k_q,4096,7168,5376,sweep,bf16,10,21,18.429400,18.380900,-0.2632
h3_4k_q,4096,7168,5376,sweep,bf16,10,22,18.406800,18.172700,-1.2718
h3_4k_q,4096,7168,5376,sweep,bf16,10,23,18.337300,18.516100,0.9751
h3_4k_q,4096,7168,5376,sweep,bf16,10,24,18.288100,18.284300,-0.0208
h3_4k_q,4096,7168,5376,sweep,bf16,10,25,18.445000,18.631500,1.0111
h3_4k_q,4096,7168,5376,sweep,bf16,10,26,18.338900,18.519000,0.9821
h3_4k_q,4096,7168,5376,sweep,bf16,10,27,18.312800,18.426900,0.6231
h3_4k_q,4096,7168,5376,sweep,bf16,10,28,18.345600,18.405900,0.3287
h3_4k_q,4096,7168,5376,sweep,bf16,10,29,18.610600,18.524200,-0.4643
h3_4k_q,4096,7168,5376,sweep,bf16,10,30,18.159800,18.336600,0.9736
h3_4k_q,4096,7168,5376,sweep,bf16,10,31,18.481800,18.467700,-0.0763
h3_4k_q,4096,7168,5376,sweep,bf16,10,32,18.392800,18.708400,1.7159
h3_4k_q,4096,7168,5376,sweep,bf16,10,33,18.622700,18.304100,-1.7108
h3_4k_q,4096,7168,5376,sweep,bf16,10,34,18.438600,18.487100,0.2630
h3_4k_q,4096,7168,5376,sweep,bf16,10,35,18.648800,18.439300,-1.1234
h3_4k_q,4096,7168,5376,sweep,bf16,10,36,18.622900,18.087600,-2.8744
h3_4k_q,4096,7168,5376,sweep,bf16,10,37,18.396400,18.457700,0.3332
h3_4k_q,4096,7168,5376,sweep,bf16,10,38,18.620400,18.260500,-1.9328
h3_4k_q,4096,7168,5376,sweep,bf16,10,39,18.614400,18.351100,-1.4145
h3_4k_q,4096,7168,5376,sweep,bf16,10,40,18.653600,18.447800,-1.1033
h3_4k_q,4096,7168,5376,sweep,bf16,10,41,18.223300,18.417000,1.0629
h3_4k_q,4096,7168,5376,sweep,bf16,10,42,18.664400,18.254500,-2.1962
h3_4k_q,4096,7168,5376,sweep,bf16,10,43,18.631700,18.272200,-1.9295
h3_4k_q,4096,7168,5376,sweep,bf16,10,44,18.424600,18.483100,0.3175
h3_4k_q,4096,7168,5376,sweep,bf16,10,45,18.403400,18.211500,-1.0427
h3_4k_q,4096,7168,5376,sweep,bf16,10,46,18.437900,18.761000,1.7524
h3_4k_q,4096,7168,5376,sweep,bf16,10,47,18.426200,18.485500,0.3218
h3_4k_q,4096,7168,5376,sweep,bf16,10,48,18.314300,18.383800,0.3795
h3_4k_q,4096,7168,5376,sweep,bf16,10,49,18.423100,18.486400,0.3436
h3_4k_q,4096,7168,5376,sweep,bf16,10,50,18.404400,18.640500,1.2828
h3_4k_attention_out,4096,5376,7168,sweep,bf16,10,0,18.938700,19.108800,0.8982
h3_4k_attention_out,4096,5376,7168,sweep,bf16,10,1,18.706500,18.803600,0.5191
h3_4k_attention_out,4096,5376,7168,sweep,bf16,10,2,18.677000,18.755200,0.4187
h3_4k_attention_out,4096,5376,7168,sweep,bf16,10,3,19.083000,18.554300,-2.7705
h3_4k_attention_out,4096,5376,7168,sweep,bf16,10,4,18.744300,18.755300,0.0587
h3_4k_attention_out,4096,5376,7168,sweep,bf16,10,5,18.711900,18.862600,0.8054
h3_4k_attention_out,4096,5376,7168,sweep,bf16,10,6,18.448600,18.877100,2.3227
h3_4k_attention_out,4096,5376,7168,sweep,bf16,10,7,18.500800,18.840500,1.8361
h3_4k_attention_out,4096,5376,7168,sweep,bf16,10,8,18.982500,18.774900,-1.0936
h3_4k_attention_out,4096,5376,7168,sweep,bf16,10,9,18.917800,18.853400,-0.3404
h3_4k_attention_out,4096,5376,7168,sweep,bf16,10,10,18.721300,18.501700,-1.1730
h3_4k_attention_out,4096,5376,7168,sweep,bf16,10,11,18.711400,18.923100,1.1314
h3_4k_attention_out,4096,5376,7168,sweep,bf16,10,12,18.537500,18.863300,1.7575
h3_4k_attention_out,4096,5376,7168,sweep,bf16,10,13,18.693400,19.136800,2.3720
h3_4k_attention_out,4096,5376,7168,sweep,bf16,10,14,18.762800,18.569200,-1.0318
h3_4k_attention_out,4096,5376,7168,sweep,bf16,10,15,18.876800,18.706800,-0.9006
h3_4k_attention_out,4096,5376,7168,sweep,bf16,10,16,18.818800,18.592700,-1.2015
h3_4k_attention_out,4096,5376,7168,sweep,bf16,10,17,18.743800,19.143900,2.1346
h3_4k_attention_out,4096,5376,7168,sweep,bf16,10,18,18.920800,18.903300,-0.0925
h3_4k_attention_out,4096,5376,7168,sweep,bf16,10,19,18.771400,18.821300,0.2658
h3_4k_attention_out,4096,5376,7168,sweep,bf16,10,20,18.677500,18.539700,-0.7378
h3_4k_attention_out,4096,5376,7168,sweep,bf16,10,21,18.941200,18.883700,-0.3036
h3_4k_attention_out,4096,5376,7168,sweep,bf16,10,22,18.726200,18.817400,0.4870
h3_4k_attention_out,4096,5376,7168,sweep,bf16,10,23,18.835400,18.852200,0.0892
h3_4k_attention_out,4096,5376,7168,sweep,bf16,10,24,18.694600,18.854500,0.8553
h3_4k_attention_out,4096,5376,7168,sweep,bf16,10,25,18.740400,18.544900,-1.0432
h3_4k_attention_out,4096,5376,7168,sweep,bf16,10,26,18.518800,18.587500,0.3710
h3_4k_attention_out,4096,5376,7168,sweep,bf16,10,27,18.996300,19.150500,0.8117
h3_4k_attention_out,4096,5376,7168,sweep,bf16,10,28,18.742900,18.737000,-0.0315
h3_4k_attention_out,4096,5376,7168,sweep,bf16,10,29,18.632100,18.866900,1.2602
h3_4k_attention_out,4096,5376,7168,sweep,bf16,10,30,19.011100,18.809700,-1.0594
h3_4k_attention_out,4096,5376,7168,sweep,bf16,10,31,18.726900,19.225900,2.6646
h3_4k_attention_out,4096,5376,7168,sweep,bf16,10,32,18.724100,18.519400,-1.0932
h3_4k_attention_out,4096,5376,7168,sweep,bf16,10,33,18.452700,18.574100,0.6579
h3_4k_attention_out,4096,5376,7168,sweep,bf16,10,34,18.636000,18.801200,0.8865
h3_4k_attention_out,4096,5376,7168,sweep,bf16,10,35,18.684000,18.812700,0.6888
h3_4k_attention_out,4096,5376,7168,sweep,bf16,10,36,18.721900,18.732400,0.0561
h3_4k_attention_out,4096,5376,7168,sweep,bf16,10,37,18.979700,18.812400,-0.8815
h3_4k_attention_out,4096,5376,7168,sweep,bf16,10,38,18.473400,19.098400,3.3832
h3_4k_attention_out,4096,5376,7168,sweep,bf16,10,39,18.694100,18.898000,1.0907
h3_4k_attention_out,4096,5376,7168,sweep,bf16,10,40,18.456300,18.882400,2.3087
h3_4k_attention_out,4096,5376,7168,sweep,bf16,10,41,18.815800,18.795100,-0.1100
h3_4k_attention_out,4096,5376,7168,sweep,bf16,10,42,19.057700,18.845600,-1.1129
h3_4k_attention_out,4096,5376,7168,sweep,bf16,10,43,18.437800,18.836200,2.1608
h3_4k_attention_out,4096,5376,7168,sweep,bf16,10,44,18.687400,18.835200,0.7909
h3_4k_attention_out,4096,5376,7168,sweep,bf16,10,45,19.077300,19.419100,1.7917
h3_4k_attention_out,4096,5376,7168,sweep,bf16,10,46,18.816800,18.678600,-0.7344
h3_4k_attention_out,4096,5376,7168,sweep,bf16,10,47,18.591700,18.907400,1.6981
h3_4k_attention_out,4096,5376,7168,sweep,bf16,10,48,18.852700,18.992600,0.7421
h3_4k_attention_out,4096,5376,7168,sweep,bf16,10,49,18.813300,18.699600,-0.6044
h3_4k_attention_out,4096,5376,7168,sweep,bf16,10,50,18.854600,18.935500,0.4291
h3_4k_ffn_down,4096,5376,14336,sweep,bf16,10,0,41.310100,40.172800,-2.7531
h3_4k_ffn_down,4096,5376,14336,sweep,bf16,10,1,41.252300,40.155000,-2.6600
h3_4k_ffn_down,4096,5376,14336,sweep,bf16,10,2,40.850500,40.163600,-1.6815
h3_4k_ffn_down,4096,5376,14336,sweep,bf16,10,3,41.229800,40.157000,-2.6020
h3_4k_ffn_down,4096,5376,14336,sweep,bf16,10,4,41.325200,40.102200,-2.9595
h3_4k_ffn_down,4096,5376,14336,sweep,bf16,10,5,41.070800,40.180100,-2.1687
h3_4k_ffn_down,4096,5376,14336,sweep,bf16,10,6,40.644700,40.215900,-1.0550
h3_4k_ffn_down,4096,5376,14336,sweep,bf16,10,7,41.278900,40.217900,-2.5703
h3_4k_ffn_down,4096,5376,14336,sweep,bf16,10,8,41.206900,39.977600,-2.9832
h3_4k_ffn_down,4096,5376,14336,sweep,bf16,10,9,41.202600,40.269200,-2.2654
h3_4k_ffn_down,4096,5376,14336,sweep,bf16,10,10,41.283300,40.190700,-2.6466
h3_4k_ffn_down,4096,5376,14336,sweep,bf16,10,11,41.215800,40.234800,-2.3802
h3_4k_ffn_down,4096,5376,14336,sweep,bf16,10,12,41.142300,40.129400,-2.4619
h3_4k_ffn_down,4096,5376,14336,sweep,bf16,10,13,41.257000,40.224500,-2.5026
h3_4k_ffn_down,4096,5376,14336,sweep,bf16,10,14,40.854900,40.175900,-1.6620
h3_4k_ffn_down,4096,5376,14336,sweep,bf16,10,15,41.231300,40.233400,-2.4202
h3_4k_ffn_down,4096,5376,14336,sweep,bf16,10,16,41.268700,40.213700,-2.5564
h3_4k_ffn_down,4096,5376,14336,sweep,bf16,10,17,41.262500,40.152500,-2.6901
h3_4k_ffn_down,4096,5376,14336,sweep,bf16,10,18,41.230400,40.185700,-2.5338
h3_4k_ffn_down,4096,5376,14336,sweep,bf16,10,19,41.310700,40.101300,-2.9276
h3_4k_ffn_down,4096,5376,14336,sweep,bf16,10,20,41.741600,41.080500,-1.5838
h3_4k_ffn_down,4096,5376,14336,sweep,bf16,10,21,41.305500,40.613300,-1.6758
h3_4k_ffn_down,4096,5376,14336,sweep,bf16,10,22,41.227200,40.237100,-2.4016
h3_4k_ffn_down,4096,5376,14336,sweep,bf16,10,23,41.244000,40.206900,-2.5145
h3_4k_ffn_down,4096,5376,14336,sweep,bf16,10,24,41.299900,40.228300,-2.5947
h3_4k_ffn_down,4096,5376,14336,sweep,bf16,10,25,41.280800,40.151200,-2.7364
h3_4k_ffn_down,4096,5376,14336,sweep,bf16,10,26,41.325900,40.251800,-2.5991
h3_4k_ffn_down,4096,5376,14336,sweep,bf16,10,27,41.293100,40.185700,-2.6818
h3_4k_ffn_down,4096,5376,14336,sweep,bf16,10,28,41.260100,40.104300,-2.8013
h3_4k_ffn_down,4096,5376,14336,sweep,bf16,10,29,41.277200,40.127000,-2.7865
h3_4k_ffn_down,4096,5376,14336,sweep,bf16,10,30,41.279100,40.245200,-2.5047
h3_4k_ffn_down,4096,5376,14336,sweep,bf16,10,31,41.228300,40.199200,-2.4961
h3_4k_ffn_down,4096,5376,14336,sweep,bf16,10,32,41.149800,40.210500,-2.2826
h3_4k_ffn_down,4096,5376,14336,sweep,bf16,10,33,41.177600,40.225700,-2.3117
h3_4k_ffn_down,4096,5376,14336,sweep,bf16,10,34,41.183300,40.128400,-2.5615
h3_4k_ffn_down,4096,5376,14336,sweep,bf16,10,35,41.297000,40.168500,-2.7326
h3_4k_ffn_down,4096,5376,14336,sweep,bf16,10,36,41.314500,40.244900,-2.5889
h3_4k_ffn_down,4096,5376,14336,sweep,bf16,10,37,41.283400,40.179000,-2.6752
h3_4k_ffn_down,4096,5376,14336,sweep,bf16,10,38,41.314300,40.194800,-2.7097
h3_4k_ffn_down,4096,5376,14336,sweep,bf16,10,39,41.297300,40.155800,-2.7641
h3_4k_ffn_down,4096,5376,14336,sweep,bf16,10,40,41.250900,38.848600,-5.8236
h3_4k_ffn_down,4096,5376,14336,sweep,bf16,10,41,41.241100,39.669800,-3.8100
h3_4k_ffn_down,4096,5376,14336,sweep,bf16,10,42,41.328600,40.343400,-2.3838
h3_4k_ffn_down,4096,5376,14336,sweep,bf16,10,43,41.176800,40.384800,-1.9234
h3_4k_ffn_down,4096,5376,14336,sweep,bf16,10,44,41.447400,40.322900,-2.7131
h3_4k_ffn_down,4096,5376,14336,sweep,bf16,10,45,41.399500,40.394000,-2.4288
h3_4k_ffn_down,4096,5376,14336,sweep,bf16,10,46,41.372500,40.391500,-2.3711
h3_4k_ffn_down,4096,5376,14336,sweep,bf16,10,47,41.411300,40.314900,-2.6476
h3_4k_ffn_down,4096,5376,14336,sweep,bf16,10,48,41.279800,40.253600,-2.4860
h3_4k_ffn_down,4096,5376,14336,sweep,bf16,10,49,41.141400,40.351900,-1.9190
h3_4k_ffn_down,4096,5376,14336,sweep,bf16,10,50,41.408800,40.338300,-2.5852
h3_16k_q,16384,7168,5376,sweep,bf16,10,0,64.886200,65.218600,0.5123
h3_16k_q,16384,7168,5376,sweep,bf16,10,1,64.818900,65.229600,0.6336
h3_16k_q,16384,7168,5376,sweep,bf16,10,2,64.866800,65.264800,0.6136
h3_16k_q,16384,7168,5376,sweep,bf16,10,3,64.918700,65.163800,0.3775
h3_16k_q,16384,7168,5376,sweep,bf16,10,4,64.804700,65.328200,0.8078
h3_16k_q,16384,7168,5376,sweep,bf16,10,5,64.972400,65.357600,0.5929
h3_16k_q,16384,7168,5376,sweep,bf16,10,6,64.471600,64.777800,0.4749
h3_16k_q,16384,7168,5376,sweep,bf16,10,7,64.546100,65.358000,1.2579
h3_16k_q,16384,7168,5376,sweep,bf16,10,8,64.915500,65.450400,0.8240
h3_16k_q,16384,7168,5376,sweep,bf16,10,9,64.949000,65.271100,0.4959
h3_16k_q,16384,7168,5376,sweep,bf16,10,10,64.984200,65.325300,0.5249
h3_16k_q,16384,7168,5376,sweep,bf16,10,11,64.938400,65.363700,0.6549
h3_16k_q,16384,7168,5376,sweep,bf16,10,12,64.920600,65.172000,0.3872
h3_16k_q,16384,7168,5376,sweep,bf16,10,13,64.467200,65.367500,1.3965
h3_16k_q,16384,7168,5376,sweep,bf16,10,14,65.103600,65.306900,0.3123
h3_16k_q,16384,7168,5376,sweep,bf16,10,15,64.900200,65.264200,0.5609
h3_16k_q,16384,7168,5376,sweep,bf16,10,16,64.877000,65.047800,0.2633
h3_16k_q,16384,7168,5376,sweep,bf16,10,17,64.951300,65.242100,0.4477
h3_16k_q,16384,7168,5376,sweep,bf16,10,18,64.923000,65.335700,0.6357
h3_16k_q,16384,7168,5376,sweep,bf16,10,19,64.977300,65.347200,0.5693
h3_16k_q,16384,7168,5376,sweep,bf16,10,20,64.865400,65.455300,0.9094
h3_16k_q,16384,7168,5376,sweep,bf16,10,21,64.575500,65.388900,1.2596
h3_16k_q,16384,7168,5376,sweep,bf16,10,22,64.728500,65.252000,0.8088
h3_16k_q,16384,7168,5376,sweep,bf16,10,23,64.809200,65.188100,0.5846
h3_16k_q,16384,7168,5376,sweep,bf16,10,24,64.945200,65.380200,0.6698
h3_16k_q,16384,7168,5376,sweep,bf16,10,25,64.705900,65.410500,1.0889
h3_16k_q,16384,7168,5376,sweep,bf16,10,26,64.823800,65.344700,0.8036
h3_16k_q,16384,7168,5376,sweep,bf16,10,27,64.746800,65.334600,0.9078
h3_16k_q,16384,7168,5376,sweep,bf16,10,28,64.511400,65.373600,1.3365
h3_16k_q,16384,7168,5376,sweep,bf16,10,29,64.988700,65.284000,0.4544
h3_16k_q,16384,7168,5376,sweep,bf16,10,30,64.928700,65.369700,0.6792
h3_16k_q,16384,7168,5376,sweep,bf16,10,31,64.616500,65.401300,1.2146
h3_16k_q,16384,7168,5376,sweep,bf16,10,32,64.867200,65.322500,0.7019
h3_16k_q,16384,7168,5376,sweep,bf16,10,33,63.580000,65.285800,2.6829
h3_16k_q,16384,7168,5376,sweep,bf16,10,34,61.335400,65.049600,6.0556
h3_16k_q,16384,7168,5376,sweep,bf16,10,35,64.804800,65.035200,0.3555
h3_16k_q,16384,7168,5376,sweep,bf16,10,36,64.829300,65.317100,0.7524
h3_16k_q,16384,7168,5376,sweep,bf16,10,37,64.870900,65.326500,0.7023
h3_16k_q,16384,7168,5376,sweep,bf16,10,38,64.511600,65.268100,1.1727
h3_16k_q,16384,7168,5376,sweep,bf16,10,39,64.721200,65.321200,0.9271
h3_16k_q,16384,7168,5376,sweep,bf16,10,40,64.660400,65.140600,0.7426
h3_16k_q,16384,7168,5376,sweep,bf16,10,41,64.822000,65.395300,0.8844
h3_16k_q,16384,7168,5376,sweep,bf16,10,42,64.863900,65.240100,0.5800
h3_16k_q,16384,7168,5376,sweep,bf16,10,43,64.815100,65.280000,0.7173
h3_16k_q,16384,7168,5376,sweep,bf16,10,44,64.813200,65.105500,0.4510
h3_16k_q,16384,7168,5376,sweep,bf16,10,45,64.899700,65.332300,0.6666
h3_16k_q,16384,7168,5376,sweep,bf16,10,46,64.511600,65.309200,1.2364
h3_16k_q,16384,7168,5376,sweep,bf16,10,47,64.851200,65.239700,0.5991
h3_16k_q,16384,7168,5376,sweep,bf16,10,48,64.570200,65.316900,1.1564
h3_16k_q,16384,7168,5376,sweep,bf16,10,49,64.939100,65.288100,0.5374
h3_16k_q,16384,7168,5376,sweep,bf16,10,50,64.831200,64.997900,0.2571
h3_16k_attention_out,16384,5376,7168,sweep,bf16,10,0,66.908300,67.439600,0.7941
h3_16k_attention_out,16384,5376,7168,sweep,bf16,10,1,66.721600,67.171800,0.6747
h3_16k_attention_out,16384,5376,7168,sweep,bf16,10,2,66.614000,66.834400,0.3309
h3_16k_attention_out,16384,5376,7168,sweep,bf16,10,3,66.890200,67.403100,0.7668
h3_16k_attention_out,16384,5376,7168,sweep,bf16,10,4,66.829100,67.265500,0.6530
h3_16k_attention_out,16384,5376,7168,sweep,bf16,10,5,66.768800,67.398500,0.9431
h3_16k_attention_out,16384,5376,7168,sweep,bf16,10,6,66.696400,67.401800,1.0576
h3_16k_attention_out,16384,5376,7168,sweep,bf16,10,7,66.898700,67.396400,0.7440
h3_16k_attention_out,16384,5376,7168,sweep,bf16,10,8,66.807100,67.249400,0.6621
h3_16k_attention_out,16384,5376,7168,sweep,bf16,10,9,66.754600,67.138900,0.5757
h3_16k_attention_out,16384,5376,7168,sweep,bf16,10,10,66.695900,67.372100,1.0139
h3_16k_attention_out,16384,5376,7168,sweep,bf16,10,11,66.700900,67.419300,1.0770
h3_16k_attention_out,16384,5376,7168,sweep,bf16,10,12,66.818200,67.506000,1.0294
h3_16k_attention_out,16384,5376,7168,sweep,bf16,10,13,66.903000,67.383700,0.7185
h3_16k_attention_out,16384,5376,7168,sweep,bf16,10,14,66.926900,67.330600,0.6032
h3_16k_attention_out,16384,5376,7168,sweep,bf16,10,15,66.917800,66.984600,0.0998
h3_16k_attention_out,16384,5376,7168,sweep,bf16,10,16,66.725500,67.485100,1.1384
h3_16k_attention_out,16384,5376,7168,sweep,bf16,10,17,66.605600,66.793300,0.2818
h3_16k_attention_out,16384,5376,7168,sweep,bf16,10,18,66.678300,67.178000,0.7494
h3_16k_attention_out,16384,5376,7168,sweep,bf16,10,19,66.837000,67.399400,0.8415
h3_16k_attention_out,16384,5376,7168,sweep,bf16,10,20,66.809500,66.895200,0.1283
h3_16k_attention_out,16384,5376,7168,sweep,bf16,10,21,66.787900,67.247500,0.6881
h3_16k_attention_out,16384,5376,7168,sweep,bf16,10,22,66.820200,67.340000,0.7779
h3_16k_attention_out,16384,5376,7168,sweep,bf16,10,23,66.774100,67.269300,0.7416
h3_16k_attention_out,16384,5376,7168,sweep,bf16,10,24,66.930800,67.195600,0.3956
h3_16k_attention_out,16384,5376,7168,sweep,bf16,10,25,66.884600,67.256500,0.5560
h3_16k_attention_out,16384,5376,7168,sweep,bf16,10,26,66.720500,67.494600,1.1602
h3_16k_attention_out,16384,5376,7168,sweep,bf16,10,27,66.816700,67.278100,0.6905
h3_16k_attention_out,16384,5376,7168,sweep,bf16,10,28,66.836700,67.486400,0.9721
h3_16k_attention_out,16384,5376,7168,sweep,bf16,10,29,66.957600,67.291600,0.4988
h3_16k_attention_out,16384,5376,7168,sweep,bf16,10,30,66.900300,67.248600,0.5206
h3_16k_attention_out,16384,5376,7168,sweep,bf16,10,31,66.609100,67.416800,1.2126
h3_16k_attention_out,16384,5376,7168,sweep,bf16,10,32,66.630300,67.490600,1.2912
h3_16k_attention_out,16384,5376,7168,sweep,bf16,10,33,66.800200,67.447200,0.9686
h3_16k_attention_out,16384,5376,7168,sweep,bf16,10,34,66.953800,67.473700,0.7765
h3_16k_attention_out,16384,5376,7168,sweep,bf16,10,35,66.798700,67.084300,0.4276
h3_16k_attention_out,16384,5376,7168,sweep,bf16,10,36,66.841300,67.382000,0.8089
h3_16k_attention_out,16384,5376,7168,sweep,bf16,10,37,66.574900,66.717700,0.2145
h3_16k_attention_out,16384,5376,7168,sweep,bf16,10,38,66.726700,67.473300,1.1189
h3_16k_attention_out,16384,5376,7168,sweep,bf16,10,39,66.804500,67.167800,0.5438
h3_16k_attention_out,16384,5376,7168,sweep,bf16,10,40,66.795100,67.187400,0.5873
h3_16k_attention_out,16384,5376,7168,sweep,bf16,10,41,66.877200,67.227600,0.5239
h3_16k_attention_out,16384,5376,7168,sweep,bf16,10,42,65.789500,62.498000,-5.0031
h3_16k_attention_out,16384,5376,7168,sweep,bf16,10,43,66.452600,67.413100,1.4454
h3_16k_attention_out,16384,5376,7168,sweep,bf16,10,44,66.685600,67.507400,1.2323
h3_16k_attention_out,16384,5376,7168,sweep,bf16,10,45,66.690200,67.430000,1.1093
h3_16k_attention_out,16384,5376,7168,sweep,bf16,10,46,66.694400,67.117500,0.6344
h3_16k_attention_out,16384,5376,7168,sweep,bf16,10,47,66.875900,67.398600,0.7816
h3_16k_attention_out,16384,5376,7168,sweep,bf16,10,48,66.993800,67.392000,0.5944
h3_16k_attention_out,16384,5376,7168,sweep,bf16,10,49,67.115200,67.505200,0.5811
h3_16k_attention_out,16384,5376,7168,sweep,bf16,10,50,66.616200,66.958700,0.5141
h3_16k_ffn_down,16384,5376,14336,sweep,bf16,10,0,141.465900,143.881300,1.7074
h3_16k_ffn_down,16384,5376,14336,sweep,bf16,10,1,141.806700,142.923400,0.7875
h3_16k_ffn_down,16384,5376,14336,sweep,bf16,10,2,141.617500,143.253100,1.1549
h3_16k_ffn_down,16384,5376,14336,sweep,bf16,10,3,142.065300,142.046900,-0.0130
h3_16k_ffn_down,16384,5376,14336,sweep,bf16,10,4,141.598100,143.617900,1.4264
h3_16k_ffn_down,16384,5376,14336,sweep,bf16,10,5,140.734700,142.544600,1.2860
h3_16k_ffn_down,16384,5376,14336,sweep,bf16,10,6,141.258200,141.837000,0.4097
h3_16k_ffn_down,16384,5376,14336,sweep,bf16,10,7,143.250900,143.360000,0.0762
h3_16k_ffn_down,16384,5376,14336,sweep,bf16,10,8,141.727400,143.480600,1.2370
h3_16k_ffn_down,16384,5376,14336,sweep,bf16,10,9,141.555700,143.648300,1.4783
h3_16k_ffn_down,16384,5376,14336,sweep,bf16,10,10,143.114400,143.073200,-0.0288
h3_16k_ffn_down,16384,5376,14336,sweep,bf16,10,11,140.233700,143.360800,2.2299
h3_16k_ffn_down,16384,5376,14336,sweep,bf16,10,12,142.003700,143.597200,1.1222
h3_16k_ffn_down,16384,5376,14336,sweep,bf16,10,13,141.603300,142.845100,0.8770
h3_16k_ffn_down,16384,5376,14336,sweep,bf16,10,14,141.585500,141.891200,0.2159
h3_16k_ffn_down,16384,5376,14336,sweep,bf16,10,15,140.254500,143.287200,2.1623
h3_16k_ffn_down,16384,5376,14336,sweep,bf16,10,16,141.776800,141.406400,-0.2613
h3_16k_ffn_down,16384,5376,14336,sweep,bf16,10,17,141.437600,139.713000,-1.2193
h3_16k_ffn_down,16384,5376,14336,sweep,bf16,10,18,141.695200,142.471800,0.5481
h3_16k_ffn_down,16384,5376,14336,sweep,bf16,10,19,141.854500,142.726900,0.6150
h3_16k_ffn_down,16384,5376,14336,sweep,bf16,10,20,142.880600,143.602400,0.5052
h3_16k_ffn_down,16384,5376,14336,sweep,bf16,10,21,141.695600,142.265100,0.4019
h3_16k_ffn_down,16384,5376,14336,sweep,bf16,10,22,141.232800,143.396600,1.5321
h3_16k_ffn_down,16384,5376,14336,sweep,bf16,10,23,143.057900,141.741400,-0.9203
h3_16k_ffn_down,16384,5376,14336,sweep,bf16,10,24,141.554800,142.283800,0.5150
h3_16k_ffn_down,16384,5376,14336,sweep,bf16,10,25,139.935800,143.015100,2.2005
h3_16k_ffn_down,16384,5376,14336,sweep,bf16,10,26,140.388200,141.486600,0.7824
h3_16k_ffn_down,16384,5376,14336,sweep,bf16,10,27,141.716800,143.522200,1.2739
h3_16k_ffn_down,16384,5376,14336,sweep,bf16,10,28,141.535400,143.212700,1.1851
h3_16k_ffn_down,16384,5376,14336,sweep,bf16,10,29,141.615600,142.038000,0.2983
h3_16k_ffn_down,16384,5376,14336,sweep,bf16,10,30,142.766900,142.271500,-0.3470
h3_16k_ffn_down,16384,5376,14336,sweep,bf16,10,31,140.555400,142.645300,1.4869
h3_16k_ffn_down,16384,5376,14336,sweep,bf16,10,32,140.121300,144.207400,2.9161
h3_16k_ffn_down,16384,5376,14336,sweep,bf16,10,33,141.060900,142.519100,1.0337
h3_16k_ffn_down,16384,5376,14336,sweep,bf16,10,34,143.208000,140.303500,-2.0282
h3_16k_ffn_down,16384,5376,14336,sweep,bf16,10,35,140.150200,143.019700,2.0474
h3_16k_ffn_down,16384,5376,14336,sweep,bf16,10,36,141.306300,142.245300,0.6645
h3_16k_ffn_down,16384,5376,14336,sweep,bf16,10,37,139.848800,142.011700,1.5466
h3_16k_ffn_down,16384,5376,14336,sweep,bf16,10,38,141.679300,142.737400,0.7468
h3_16k_ffn_down,16384,5376,14336,sweep,bf16,10,39,141.151600,142.406700,0.8892
h3_16k_ffn_down,16384,5376,14336,sweep,bf16,10,40,141.678300,142.055100,0.2660
h3_16k_ffn_down,16384,5376,14336,sweep,bf16,10,41,139.004400,142.651100,2.6234
h3_16k_ffn_down,16384,5376,14336,sweep,bf16,10,42,138.312800,140.000300,1.2201
h3_16k_ffn_down,16384,5376,14336,sweep,bf16,10,43,141.516400,143.618600,1.4855
h3_16k_ffn_down,16384,5376,14336,sweep,bf16,10,44,142.930300,140.452700,-1.7334
h3_16k_ffn_down,16384,5376,14336,sweep,bf16,10,45,141.294800,141.752300,0.3238
h3_16k_ffn_down,16384,5376,14336,sweep,bf16,10,46,142.639500,140.986600,-1.1588
h3_16k_ffn_down,16384,5376,14336,sweep,bf16,10,47,141.551400,141.609500,0.0410
h3_16k_ffn_down,16384,5376,14336,sweep,bf16,10,48,141.825500,144.229000,1.6947
h3_16k_ffn_down,16384,5376,14336,sweep,bf16,10,49,142.010000,141.938100,-0.0506
h3_16k_ffn_down,16384,5376,14336,sweep,bf16,10,50,141.286100,141.756800,0.3332
h3_16k_ffn_down,16384,5376,14336,confirmation,bf16,20,0,142.394700,141.579850,-0.5722
h3_16k_ffn_down,16384,5376,14336,confirmation,bf16,20,1,140.768550,142.519200,1.2436
h3_16k_ffn_down,16384,5376,14336,confirmation,bf16,20,2,141.915500,143.397150,1.0440
h3_16k_ffn_down,16384,5376,14336,confirmation,bf16,20,3,141.790500,142.889250,0.7749
h3_16k_ffn_down,16384,5376,14336,confirmation,bf16,20,4,141.710550,141.905200,0.1374
h3_16k_ffn_down,16384,5376,14336,confirmation,bf16,20,5,141.778550,142.265000,0.3431
h3_16k_ffn_down,16384,5376,14336,confirmation,bf16,20,6,140.903550,143.330350,1.7223
h3_16k_ffn_down,16384,5376,14336,confirmation,bf16,20,7,141.584150,143.172300,1.1217
h3_16k_ffn_down,16384,5376,14336,confirmation,bf16,20,8,141.873200,140.685100,-0.8374
h3_16k_ffn_down,16384,5376,14336,confirmation,bf16,20,9,140.884900,142.383250,1.0635
h3_16k_ffn_down,16384,5376,14336,confirmation,bf16,20,10,141.938050,142.531450,0.4181
h3_16k_ffn_down,16384,5376,14336,confirmation,bf16,20,11,140.765650,142.578600,1.2879
h3_16k_ffn_down,16384,5376,14336,confirmation,bf16,20,12,141.626100,141.704200,0.0551
h3_16k_ffn_down,16384,5376,14336,confirmation,bf16,20,13,141.793950,142.945650,0.8122
h3_16k_ffn_down,16384,5376,14336,confirmation,bf16,20,14,142.785800,142.976100,0.1333
h3_16k_ffn_down,16384,5376,14336,confirmation,bf16,20,15,142.469300,142.783250,0.2204
h3_16k_ffn_down,16384,5376,14336,confirmation,bf16,20,16,142.365800,142.326450,-0.0276
h3_16k_ffn_down,16384,5376,14336,confirmation,bf16,20,17,142.026550,142.080500,0.0380
h3_16k_ffn_down,16384,5376,14336,confirmation,bf16,20,18,142.070950,143.226400,0.8133
h3_16k_ffn_down,16384,5376,14336,confirmation,bf16,20,19,140.785950,142.455150,1.1856
h3_16k_ffn_down,16384,5376,14336,confirmation,bf16,20,20,141.840900,142.407650,0.3996
h3_16k_ffn_down,16384,5376,14336,confirmation,bf16,20,21,140.959800,143.183900,1.5778
h3_16k_ffn_down,16384,5376,14336,confirmation,bf16,20,22,142.488450,142.335500,-0.1073
h3_16k_ffn_down,16384,5376,14336,confirmation,bf16,20,23,141.141850,143.350550,1.5649
h3_16k_ffn_down,16384,5376,14336,confirmation,bf16,20,24,142.471200,143.388100,0.6436
h3_16k_ffn_down,16384,5376,14336,confirmation,bf16,20,25,142.035550,142.604750,0.4007
h3_16k_ffn_down,16384,5376,14336,confirmation,bf16,20,26,141.189200,143.200350,1.4244
h3_16k_ffn_down,16384,5376,14336,confirmation,bf16,20,27,141.957350,143.190400,0.8686
h3_16k_ffn_down,16384,5376,14336,confirmation,bf16,20,28,141.611800,143.251350,1.1578
h3_16k_ffn_down,16384,5376,14336,confirmation,bf16,20,29,140.976450,142.498200,1.0794
h3_16k_ffn_down,16384,5376,14336,confirmation,bf16,20,30,140.642800,142.701800,1.4640
h3_16k_ffn_down,16384,5376,14336,confirmation,bf16,20,31,142.501850,141.630950,-0.6111
h3_16k_ffn_down,16384,5376,14336,confirmation,bf16,20,32,142.236600,142.610150,0.2626
h3_16k_ffn_down,16384,5376,14336,confirmation,bf16,20,33,140.762750,140.813000,0.0357
h3_16k_ffn_down,16384,5376,14336,confirmation,bf16,20,34,141.676850,141.948250,0.1916
h3_16k_ffn_down,16384,5376,14336,confirmation,bf16,20,35,141.713550,143.105100,0.9819
h3_16k_ffn_down,16384,5376,14336,confirmation,bf16,20,36,142.474300,142.684350,0.1474
h3_16k_ffn_down,16384,5376,14336,confirmation,bf16,20,37,140.745950,141.801250,0.7498
h3_16k_ffn_down,16384,5376,14336,confirmation,bf16,20,38,141.427100,142.416850,0.6998
h3_16k_ffn_down,16384,5376,14336,confirmation,bf16,20,39,143.224100,142.662650,-0.3920
h3_16k_ffn_down,16384,5376,14336,confirmation,bf16,20,40,142.750650,141.740650,-0.7075
h3_16k_ffn_down,16384,5376,14336,confirmation,bf16,20,41,142.128750,140.776650,-0.9513
h3_16k_ffn_down,16384,5376,14336,confirmation,bf16,20,42,138.271650,141.771600,2.5312
h3_16k_ffn_down,16384,5376,14336,confirmation,bf16,20,43,142.300400,141.800950,-0.3510
h3_16k_ffn_down,16384,5376,14336,confirmation,bf16,20,44,141.194450,142.642900,1.0259
h3_16k_ffn_down,16384,5376,14336,confirmation,bf16,20,45,141.589750,142.479950,0.6287
h3_16k_ffn_down,16384,5376,14336,confirmation,bf16,20,46,140.417750,142.081600,1.1849
h3_16k_ffn_down,16384,5376,14336,confirmation,bf16,20,47,141.583450,141.756250,0.1220
h3_16k_ffn_down,16384,5376,14336,confirmation,bf16,20,48,142.443100,142.606250,0.1145
h3_16k_ffn_down,16384,5376,14336,confirmation,bf16,20,49,141.821150,143.115950,0.9130
h3_16k_ffn_down,16384,5376,14336,confirmation,bf16,20,50,140.657950,142.689650,1.4444
h3_16k_ffn_down,16384,5376,14336,confirmation,bf16,20,51,141.807600,142.368250,0.3954
h3_16k_ffn_down,16384,5376,14336,confirmation,bf16,20,52,140.591050,141.714050,0.7988
h3_16k_ffn_down,16384,5376,14336,confirmation,bf16,20,53,140.957750,142.533550,1.1179
h3_16k_ffn_down,16384,5376,14336,confirmation,bf16,20,54,142.500900,143.177150,0.4746
h3_16k_ffn_down,16384,5376,14336,confirmation,bf16,20,55,141.030350,142.553300,1.0799
h3_16k_ffn_down,16384,5376,14336,confirmation,bf16,20,56,140.615150,141.690750,0.7649
h3_16k_ffn_down,16384,5376,14336,confirmation,bf16,20,57,139.951350,142.675250,1.9463
h3_16k_ffn_down,16384,5376,14336,confirmation,bf16,20,58,140.455300,142.906350,1.7451
h3_16k_ffn_down,16384,5376,14336,confirmation,bf16,20,59,143.113150,141.664500,-1.0122
h3_16k_ffn_down,16384,5376,14336,confirmation,bf16,20,60,140.832950,140.867500,0.0245
h3_16k_ffn_down,16384,5376,14336,confirmation,bf16,20,61,141.773050,142.509500,0.5195
h3_16k_ffn_down,16384,5376,14336,confirmation,bf16,20,62,142.422650,142.706450,0.1993
h3_16k_ffn_down,16384,5376,14336,confirmation,bf16,20,63,142.157000,142.444350,0.2021
h3_16k_ffn_down,16384,5376,14336,confirmation,bf16,20,64,141.740050,142.621350,0.6218
h3_16k_ffn_down,16384,5376,14336,confirmation,bf16,20,65,141.164450,142.389550,0.8679
h3_16k_ffn_down,16384,5376,14336,confirmation,bf16,20,66,142.232400,142.527100,0.2072
h3_16k_ffn_down,16384,5376,14336,confirmation,bf16,20,67,141.643000,141.903750,0.1841
h3_16k_ffn_down,16384,5376,14336,confirmation,bf16,20,68,141.359550,142.830650,1.0407
h3_16k_ffn_down,16384,5376,14336,confirmation,bf16,20,69,140.353400,142.587600,1.5918
h3_16k_ffn_down,16384,5376,14336,confirmation,bf16,20,70,141.213850,143.182550,1.3941
h3_16k_ffn_down,16384,5376,14336,confirmation,bf16,20,71,142.454100,142.717050,0.1846
h3_16k_ffn_down,16384,5376,14336,confirmation,bf16,20,72,141.399500,143.581650,1.5433
h3_16k_ffn_down,16384,5376,14336,confirmation,bf16,20,73,141.580100,140.615650,-0.6812
h3_16k_ffn_down,16384,5376,14336,confirmation,bf16,20,74,141.094550,143.057600,1.3913
h3_16k_ffn_down,16384,5376,14336,confirmation,bf16,20,75,141.013100,142.650350,1.1611
h3_16k_ffn_down,16384,5376,14336,confirmation,bf16,20,76,142.462250,141.799650,-0.4651
h3_16k_ffn_down,16384,5376,14336,confirmation,bf16,20,77,141.783150,142.253450,0.3317
h3_16k_ffn_down,16384,5376,14336,confirmation,bf16,20,78,141.665150,141.517450,-0.1043
h3_16k_ffn_down,16384,5376,14336,confirmation,bf16,20,79,141.621450,142.502500,0.6221
h3_16k_ffn_down,16384,5376,14336,confirmation,bf16,20,80,141.939600,142.421700,0.3397
h3_16k_ffn_down,16384,5376,14336,confirmation,bf16,20,81,141.581350,142.396600,0.5758
h3_16k_ffn_down,16384,5376,14336,confirmation,bf16,20,82,140.188800,142.575850,1.7027
h3_16k_ffn_down,16384,5376,14336,confirmation,bf16,20,83,141.014600,143.105100,1.4825
h3_16k_ffn_down,16384,5376,14336,confirmation,bf16,20,84,139.928200,143.465750,2.5281
h3_16k_ffn_down,16384,5376,14336,confirmation,bf16,20,85,141.779400,142.330200,0.3885
h3_16k_ffn_down,16384,5376,14336,confirmation,bf16,20,86,142.161900,142.842200,0.4785
h3_16k_ffn_down,16384,5376,14336,confirmation,bf16,20,87,142.418450,143.212800,0.5578
h3_16k_ffn_down,16384,5376,14336,confirmation,bf16,20,88,140.229900,141.772250,1.0999
h3_16k_ffn_down,16384,5376,14336,confirmation,bf16,20,89,141.464000,140.763300,-0.4953
h3_16k_ffn_down,16384,5376,14336,confirmation,bf16,20,90,140.986750,142.329200,0.9522
h3_16k_ffn_down,16384,5376,14336,confirmation,bf16,20,91,142.167950,141.124000,-0.7343
h3_16k_ffn_down,16384,5376,14336,confirmation,bf16,20,92,142.387350,142.044800,-0.2406
h3_16k_ffn_down,16384,5376,14336,confirmation,bf16,20,93,141.451200,142.457000,0.7111
h3_16k_ffn_down,16384,5376,14336,confirmation,bf16,20,94,141.890950,143.041350,0.8108
h3_16k_ffn_down,16384,5376,14336,confirmation,bf16,20,95,141.634400,142.038300,0.2852
h3_16k_ffn_down,16384,5376,14336,confirmation,bf16,20,96,141.562150,141.585200,0.0163
h3_16k_ffn_down,16384,5376,14336,confirmation,bf16,20,97,141.760500,142.323050,0.3968
h3_16k_ffn_down,16384,5376,14336,confirmation,bf16,20,98,142.535400,142.737250,0.1416
h3_16k_ffn_down,16384,5376,14336,confirmation,bf16,20,99,141.738600,142.339900,0.4242
h3_16k_ffn_down,16384,5376,14336,confirmation,bf16,20,100,141.769500,139.954200,-1.2805
krea2_q,4352,6144,6144,sweep,bf16,10,0,18.970500,19.243500,1.4391
krea2_q,4352,6144,6144,sweep,bf16,10,1,18.913400,19.560600,3.4219
krea2_q,4352,6144,6144,sweep,bf16,10,2,19.214100,19.217000,0.0151
krea2_q,4352,6144,6144,sweep,bf16,10,3,19.123300,19.233300,0.5752
krea2_q,4352,6144,6144,sweep,bf16,10,4,19.161100,19.258300,0.5073
krea2_q,4352,6144,6144,sweep,bf16,10,5,19.092500,19.335700,1.2738
krea2_q,4352,6144,6144,sweep,bf16,10,6,19.425400,19.164500,-1.3431
krea2_q,4352,6144,6144,sweep,bf16,10,7,19.027700,19.254000,1.1893
krea2_q,4352,6144,6144,sweep,bf16,10,8,19.240900,19.302300,0.3191
krea2_q,4352,6144,6144,sweep,bf16,10,9,18.954400,19.222200,1.4129
krea2_q,4352,6144,6144,sweep,bf16,10,10,19.141100,19.198500,0.2999
krea2_q,4352,6144,6144,sweep,bf16,10,11,19.154700,19.216000,0.3200
krea2_q,4352,6144,6144,sweep,bf16,10,12,19.188600,19.038000,-0.7848
krea2_q,4352,6144,6144,sweep,bf16,10,13,19.422700,19.278100,-0.7445
krea2_q,4352,6144,6144,sweep,bf16,10,14,19.111100,19.343900,1.2181
krea2_q,4352,6144,6144,sweep,bf16,10,15,19.030200,18.945900,-0.4430
krea2_q,4352,6144,6144,sweep,bf16,10,16,19.407800,19.255400,-0.7853
krea2_q,4352,6144,6144,sweep,bf16,10,17,19.187600,19.021400,-0.8662
krea2_q,4352,6144,6144,sweep,bf16,10,18,18.858700,19.289500,2.2844
krea2_q,4352,6144,6144,sweep,bf16,10,19,19.106900,19.239000,0.6914
krea2_q,4352,6144,6144,sweep,bf16,10,20,19.129600,19.202900,0.3832
krea2_q,4352,6144,6144,sweep,bf16,10,21,18.875600,19.525800,3.4447
krea2_q,4352,6144,6144,sweep,bf16,10,22,19.129600,19.218000,0.4621
krea2_q,4352,6144,6144,sweep,bf16,10,23,18.951600,19.144900,1.0200
krea2_q,4352,6144,6144,sweep,bf16,10,24,19.109000,19.235500,0.6620
krea2_q,4352,6144,6144,sweep,bf16,10,25,19.084800,18.982600,-0.5355
krea2_q,4352,6144,6144,sweep,bf16,10,26,19.068300,19.279500,1.1076
krea2_q,4352,6144,6144,sweep,bf16,10,27,19.103400,19.295800,1.0072
krea2_q,4352,6144,6144,sweep,bf16,10,28,18.963800,18.818100,-0.7683
krea2_q,4352,6144,6144,sweep,bf16,10,29,19.374800,18.814100,-2.8940
krea2_q,4352,6144,6144,sweep,bf16,10,30,19.248700,19.169600,-0.4109
krea2_q,4352,6144,6144,sweep,bf16,10,31,19.151000,19.100000,-0.2663
krea2_q,4352,6144,6144,sweep,bf16,10,32,19.172200,19.231300,0.3083
krea2_q,4352,6144,6144,sweep,bf16,10,33,19.302600,19.505200,1.0496
krea2_q,4352,6144,6144,sweep,bf16,10,34,18.940400,19.254200,1.6568
krea2_q,4352,6144,6144,sweep,bf16,10,35,19.460300,19.197300,-1.3515
krea2_q,4352,6144,6144,sweep,bf16,10,36,18.861000,18.957400,0.5111
krea2_q,4352,6144,6144,sweep,bf16,10,37,18.969300,19.122000,0.8050
krea2_q,4352,6144,6144,sweep,bf16,10,38,19.223100,19.225400,0.0120
krea2_q,4352,6144,6144,sweep,bf16,10,39,19.210600,18.875200,-1.7459
krea2_q,4352,6144,6144,sweep,bf16,10,40,19.108600,19.205000,0.5045
krea2_q,4352,6144,6144,sweep,bf16,10,41,19.102800,18.990000,-0.5905
krea2_q,4352,6144,6144,sweep,bf16,10,42,19.134700,19.480400,1.8067
krea2_q,4352,6144,6144,sweep,bf16,10,43,19.213600,19.151600,-0.3227
krea2_q,4352,6144,6144,sweep,bf16,10,44,19.478100,18.990700,-2.5023
krea2_q,4352,6144,6144,sweep,bf16,10,45,19.119500,19.239000,0.6250
krea2_q,4352,6144,6144,sweep,bf16,10,46,19.103600,18.896900,-1.0820
krea2_q,4352,6144,6144,sweep,bf16,10,47,19.193100,19.234600,0.2162
krea2_q,4352,6144,6144,sweep,bf16,10,48,18.811100,18.888600,0.4120
krea2_q,4352,6144,6144,sweep,bf16,10,49,19.076300,19.243900,0.8786
krea2_q,4352,6144,6144,sweep,bf16,10,50,19.207300,19.189800,-0.0911
krea2_kv,4352,1536,6144,sweep,bf16,10,0,6.041800,5.576400,-7.7030
krea2_kv,4352,1536,6144,sweep,bf16,10,1,5.984100,6.059600,1.2617
krea2_kv,4352,1536,6144,sweep,bf16,10,2,5.537300,5.801900,4.7785
krea2_kv,4352,1536,6144,sweep,bf16,10,3,5.738100,5.670600,-1.1763
krea2_kv,4352,1536,6144,sweep,bf16,10,4,5.862300,5.678700,-3.1319
krea2_kv,4352,1536,6144,sweep,bf16,10,5,5.721400,5.763700,0.7393
krea2_kv,4352,1536,6144,sweep,bf16,10,6,5.771600,5.676300,-1.6512
krea2_kv,4352,1536,6144,sweep,bf16,10,7,5.631900,5.308700,-5.7387
krea2_kv,4352,1536,6144,sweep,bf16,10,8,5.678700,5.788800,1.9388
krea2_kv,4352,1536,6144,sweep,bf16,10,9,5.722000,5.762900,0.7148
krea2_kv,4352,1536,6144,sweep,bf16,10,10,5.681700,6.154300,8.3179
krea2_kv,4352,1536,6144,sweep,bf16,10,11,5.511400,6.054700,9.8577
krea2_kv,4352,1536,6144,sweep,bf16,10,12,5.989900,5.605900,-6.4108
krea2_kv,4352,1536,6144,sweep,bf16,10,13,5.681900,5.752000,1.2337
krea2_kv,4352,1536,6144,sweep,bf16,10,14,5.766000,5.323200,-7.6795
krea2_kv,4352,1536,6144,sweep,bf16,10,15,5.482000,6.125000,11.7293
krea2_kv,4352,1536,6144,sweep,bf16,10,16,5.537300,5.611200,1.3346
krea2_kv,4352,1536,6144,sweep,bf16,10,17,5.610800,5.609000,-0.0321
krea2_kv,4352,1536,6144,sweep,bf16,10,18,6.090600,5.670500,-6.8975
krea2_kv,4352,1536,6144,sweep,bf16,10,19,6.101900,5.789400,-5.1214
krea2_kv,4352,1536,6144,sweep,bf16,10,20,5.730000,5.652000,-1.3613
krea2_kv,4352,1536,6144,sweep,bf16,10,21,5.488700,5.616000,2.3193
krea2_kv,4352,1536,6144,sweep,bf16,10,22,5.395100,6.275200,16.3130
krea2_kv,4352,1536,6144,sweep,bf16,10,23,5.248300,5.787400,10.2719
krea2_kv,4352,1536,6144,sweep,bf16,10,24,5.588900,6.118000,9.4670
krea2_kv,4352,1536,6144,sweep,bf16,10,25,5.562900,5.647500,1.5208
krea2_kv,4352,1536,6144,sweep,bf16,10,26,5.846800,5.615600,-3.9543
krea2_kv,4352,1536,6144,sweep,bf16,10,27,5.729200,5.891800,2.8381
krea2_kv,4352,1536,6144,sweep,bf16,10,28,5.832800,5.629700,-3.4820
krea2_kv,4352,1536,6144,sweep,bf16,10,29,5.728500,5.728200,-0.0052
krea2_kv,4352,1536,6144,sweep,bf16,10,30,5.656200,5.675100,0.3341
krea2_kv,4352,1536,6144,sweep,bf16,10,31,6.123700,5.272700,-13.8968
krea2_kv,4352,1536,6144,sweep,bf16,10,32,5.416100,5.919900,9.3019
krea2_kv,4352,1536,6144,sweep,bf16,10,33,5.532700,6.223500,12.4858
krea2_kv,4352,1536,6144,sweep,bf16,10,34,5.669800,6.191700,9.2049
krea2_kv,4352,1536,6144,sweep,bf16,10,35,5.406100,6.089400,12.6394
krea2_kv,4352,1536,6144,sweep,bf16,10,36,5.763000,5.609500,-2.6635
krea2_kv,4352,1536,6144,sweep,bf16,10,37,5.715400,5.689100,-0.4602
krea2_kv,4352,1536,6144,sweep,bf16,10,38,5.849100,5.607100,-4.1374
krea2_kv,4352,1536,6144,sweep,bf16,10,39,5.720500,5.808800,1.5436
krea2_kv,4352,1536,6144,sweep,bf16,10,40,5.660000,5.657900,-0.0371
krea2_kv,4352,1536,6144,sweep,bf16,10,41,5.922100,5.495600,-7.2018
krea2_kv,4352,1536,6144,sweep,bf16,10,42,5.616500,5.581600,-0.6214
krea2_kv,4352,1536,6144,sweep,bf16,10,43,5.545300,5.869600,5.8482
krea2_kv,4352,1536,6144,sweep,bf16,10,44,5.743100,6.155000,7.1721
krea2_kv,4352,1536,6144,sweep,bf16,10,45,5.512900,5.616200,1.8738
krea2_kv,4352,1536,6144,sweep,bf16,10,46,5.360400,5.421600,1.1417
krea2_kv,4352,1536,6144,sweep,bf16,10,47,5.774300,6.193000,7.2511
krea2_kv,4352,1536,6144,sweep,bf16,10,48,5.670300,5.654200,-0.2839
krea2_kv,4352,1536,6144,sweep,bf16,10,49,5.778100,5.290900,-8.4318
krea2_kv,4352,1536,6144,sweep,bf16,10,50,5.924200,5.204100,-12.1552
krea2_kv,4352,1536,6144,confirmation,bf16,20,0,5.639900,6.049050,7.2546
krea2_kv,4352,1536,6144,confirmation,bf16,20,1,5.890350,5.873300,-0.2895
krea2_kv,4352,1536,6144,confirmation,bf16,20,2,5.842700,5.765750,-1.3170
krea2_kv,4352,1536,6144,confirmation,bf16,20,3,5.795900,5.695950,-1.7245
krea2_kv,4352,1536,6144,confirmation,bf16,20,4,5.636600,5.929350,5.1937
krea2_kv,4352,1536,6144,confirmation,bf16,20,5,5.641500,6.056850,7.3624
krea2_kv,4352,1536,6144,confirmation,bf16,20,6,5.962400,6.012350,0.8377
krea2_kv,4352,1536,6144,confirmation,bf16,20,7,5.743250,5.827800,1.4722
krea2_kv,4352,1536,6144,confirmation,bf16,20,8,5.710400,6.034250,5.6712
krea2_kv,4352,1536,6144,confirmation,bf16,20,9,5.853900,5.519350,-5.7150
krea2_kv,4352,1536,6144,confirmation,bf16,20,10,5.785950,5.841000,0.9514
krea2_kv,4352,1536,6144,confirmation,bf16,20,11,5.983300,5.818750,-2.7502
krea2_kv,4352,1536,6144,confirmation,bf16,20,12,5.812850,5.758250,-0.9393
krea2_kv,4352,1536,6144,confirmation,bf16,20,13,5.830950,5.596550,-4.0199
krea2_kv,4352,1536,6144,confirmation,bf16,20,14,6.068700,5.800400,-4.4210
krea2_kv,4352,1536,6144,confirmation,bf16,20,15,5.824400,5.720050,-1.7916
krea2_kv,4352,1536,6144,confirmation,bf16,20,16,5.772800,5.632800,-2.4252
krea2_kv,4352,1536,6144,confirmation,bf16,20,17,5.953650,5.714050,-4.0244
krea2_kv,4352,1536,6144,confirmation,bf16,20,18,5.797400,5.553800,-4.2019
krea2_kv,4352,1536,6144,confirmation,bf16,20,19,5.765650,5.754400,-0.1951
krea2_kv,4352,1536,6144,confirmation,bf16,20,20,5.795100,5.712800,-1.4202
krea2_kv,4352,1536,6144,confirmation,bf16,20,21,5.774000,5.792450,0.3195
krea2_kv,4352,1536,6144,confirmation,bf16,20,22,5.743600,5.580450,-2.8406
krea2_kv,4352,1536,6144,confirmation,bf16,20,23,5.820100,5.695950,-2.1331
krea2_kv,4352,1536,6144,confirmation,bf16,20,24,5.668350,5.801600,2.3508
krea2_kv,4352,1536,6144,confirmation,bf16,20,25,5.858050,5.782600,-1.2880
krea2_kv,4352,1536,6144,confirmation,bf16,20,26,6.039950,5.675300,-6.0373
krea2_kv,4352,1536,6144,confirmation,bf16,20,27,5.720450,5.804350,1.4667
krea2_kv,4352,1536,6144,confirmation,bf16,20,28,6.131350,5.792900,-5.5200
krea2_kv,4352,1536,6144,confirmation,bf16,20,29,5.659550,5.745550,1.5196
krea2_kv,4352,1536,6144,confirmation,bf16,20,30,5.826950,5.954900,2.1958
krea2_kv,4352,1536,6144,confirmation,bf16,20,31,5.644900,5.935000,5.1392
krea2_kv,4352,1536,6144,confirmation,bf16,20,32,5.966300,5.788550,-2.9792
krea2_kv,4352,1536,6144,confirmation,bf16,20,33,5.844450,5.795650,-0.8350
krea2_kv,4352,1536,6144,confirmation,bf16,20,34,5.603650,5.597900,-0.1026
krea2_kv,4352,1536,6144,confirmation,bf16,20,35,5.848200,5.954250,1.8134
krea2_kv,4352,1536,6144,confirmation,bf16,20,36,5.775000,5.710900,-1.1100
krea2_kv,4352,1536,6144,confirmation,bf16,20,37,5.758550,5.808300,0.8639
krea2_kv,4352,1536,6144,confirmation,bf16,20,38,5.814700,5.798650,-0.2760
krea2_kv,4352,1536,6144,confirmation,bf16,20,39,5.866150,5.781800,-1.4379
krea2_kv,4352,1536,6144,confirmation,bf16,20,40,5.588800,5.806500,3.8953
krea2_kv,4352,1536,6144,confirmation,bf16,20,41,5.893300,5.708200,-3.1409
krea2_kv,4352,1536,6144,confirmation,bf16,20,42,5.901350,5.880500,-0.3533
krea2_kv,4352,1536,6144,confirmation,bf16,20,43,5.724400,5.826600,1.7853
krea2_kv,4352,1536,6144,confirmation,bf16,20,44,5.774850,5.708050,-1.1567
krea2_kv,4352,1536,6144,confirmation,bf16,20,45,6.015150,5.775650,-3.9816
krea2_kv,4352,1536,6144,confirmation,bf16,20,46,5.656200,5.689350,0.5861
krea2_kv,4352,1536,6144,confirmation,bf16,20,47,5.606200,5.846650,4.2890
krea2_kv,4352,1536,6144,confirmation,bf16,20,48,5.927500,5.761800,-2.7954
krea2_kv,4352,1536,6144,confirmation,bf16,20,49,5.987650,5.756200,-3.8655
krea2_kv,4352,1536,6144,confirmation,bf16,20,50,5.812550,5.743200,-1.1931
krea2_kv,4352,1536,6144,confirmation,bf16,20,51,5.795850,6.006700,3.6379
krea2_kv,4352,1536,6144,confirmation,bf16,20,52,5.643350,5.626700,-0.2950
krea2_kv,4352,1536,6144,confirmation,bf16,20,53,5.776850,5.650550,-2.1863
krea2_kv,4352,1536,6144,confirmation,bf16,20,54,5.730950,6.237050,8.8310
krea2_kv,4352,1536,6144,confirmation,bf16,20,55,5.747300,5.764450,0.2984
krea2_kv,4352,1536,6144,confirmation,bf16,20,56,5.791400,5.553050,-4.1156
krea2_kv,4352,1536,6144,confirmation,bf16,20,57,5.642350,5.736850,1.6748
krea2_kv,4352,1536,6144,confirmation,bf16,20,58,5.683800,5.679250,-0.0801
krea2_kv,4352,1536,6144,confirmation,bf16,20,59,5.958650,5.769600,-3.1727
krea2_kv,4352,1536,6144,confirmation,bf16,20,60,5.805600,5.822100,0.2842
krea2_kv,4352,1536,6144,confirmation,bf16,20,61,5.573400,5.798950,4.0469
krea2_kv,4352,1536,6144,confirmation,bf16,20,62,6.150900,5.803800,-5.6431
krea2_kv,4352,1536,6144,confirmation,bf16,20,63,5.828000,5.717600,-1.8943
krea2_kv,4352,1536,6144,confirmation,bf16,20,64,5.691350,5.781000,1.5752
krea2_kv,4352,1536,6144,confirmation,bf16,20,65,5.736550,5.675400,-1.0660
krea2_kv,4352,1536,6144,confirmation,bf16,20,66,5.919350,5.899400,-0.3370
krea2_kv,4352,1536,6144,confirmation,bf16,20,67,5.791950,5.771050,-0.3608
krea2_kv,4352,1536,6144,confirmation,bf16,20,68,5.795000,5.706350,-1.5298
krea2_kv,4352,1536,6144,confirmation,bf16,20,69,5.816500,5.629300,-3.2184
krea2_kv,4352,1536,6144,confirmation,bf16,20,70,5.935750,5.563850,-6.2654
krea2_kv,4352,1536,6144,confirmation,bf16,20,71,5.988250,5.841800,-2.4456
krea2_kv,4352,1536,6144,confirmation,bf16,20,72,5.770450,5.742700,-0.4809
krea2_kv,4352,1536,6144,confirmation,bf16,20,73,5.830350,5.754950,-1.2932
krea2_kv,4352,1536,6144,confirmation,bf16,20,74,5.642150,5.672750,0.5423
krea2_kv,4352,1536,6144,confirmation,bf16,20,75,6.045600,5.716800,-5.4387
krea2_kv,4352,1536,6144,confirmation,bf16,20,76,5.763500,5.702150,-1.0645
krea2_kv,4352,1536,6144,confirmation,bf16,20,77,5.806500,5.623250,-3.1559
krea2_kv,4352,1536,6144,confirmation,bf16,20,78,6.048550,5.797100,-4.1572
krea2_kv,4352,1536,6144,confirmation,bf16,20,79,5.736800,5.762850,0.4541
krea2_kv,4352,1536,6144,confirmation,bf16,20,80,5.865350,5.954650,1.5225
krea2_kv,4352,1536,6144,confirmation,bf16,20,81,5.587350,5.828750,4.3205
krea2_kv,4352,1536,6144,confirmation,bf16,20,82,5.847750,5.827900,-0.3394
krea2_kv,4352,1536,6144,confirmation,bf16,20,83,5.817600,5.768600,-0.8423
krea2_kv,4352,1536,6144,confirmation,bf16,20,84,5.999150,5.634200,-6.0834
krea2_kv,4352,1536,6144,confirmation,bf16,20,85,5.927600,5.822500,-1.7731
krea2_kv,4352,1536,6144,confirmation,bf16,20,86,5.794300,5.807500,0.2278
krea2_kv,4352,1536,6144,confirmation,bf16,20,87,5.728950,5.827800,1.7254
krea2_kv,4352,1536,6144,confirmation,bf16,20,88,5.825150,6.009900,3.1716
krea2_kv,4352,1536,6144,confirmation,bf16,20,89,5.750600,5.790450,0.6930
krea2_kv,4352,1536,6144,confirmation,bf16,20,90,5.709350,5.825250,2.0300
krea2_kv,4352,1536,6144,confirmation,bf16,20,91,5.553800,5.786800,4.1953
krea2_kv,4352,1536,6144,confirmation,bf16,20,92,6.143950,5.631450,-8.3415
krea2_kv,4352,1536,6144,confirmation,bf16,20,93,5.959850,5.616500,-5.7611
krea2_kv,4352,1536,6144,confirmation,bf16,20,94,5.980200,5.943000,-0.6221
krea2_kv,4352,1536,6144,confirmation,bf16,20,95,5.633800,5.856500,3.9529
krea2_kv,4352,1536,6144,confirmation,bf16,20,96,5.955450,5.972700,0.2897
krea2_kv,4352,1536,6144,confirmation,bf16,20,97,5.772850,5.757950,-0.2581
krea2_kv,4352,1536,6144,confirmation,bf16,20,98,5.764350,5.715850,-0.8414
krea2_kv,4352,1536,6144,confirmation,bf16,20,99,5.600000,5.743100,2.5554
krea2_kv,4352,1536,6144,confirmation,bf16,20,100,5.755500,5.647750,-1.8721
krea2_ffn_up,4352,16384,6144,sweep,bf16,10,0,48.490700,48.717100,0.4669
krea2_ffn_up,4352,16384,6144,sweep,bf16,10,1,48.482600,48.600800,0.2438
krea2_ffn_up,4352,16384,6144,sweep,bf16,10,2,48.473700,48.619000,0.2998
krea2_ffn_up,4352,16384,6144,sweep,bf16,10,3,48.587200,48.606900,0.0405
krea2_ffn_up,4352,16384,6144,sweep,bf16,10,4,48.523300,48.813200,0.5974
krea2_ffn_up,4352,16384,6144,sweep,bf16,10,5,48.581900,48.760500,0.3676
krea2_ffn_up,4352,16384,6144,sweep,bf16,10,6,48.578400,48.650400,0.1482
krea2_ffn_up,4352,16384,6144,sweep,bf16,10,7,48.612500,48.709700,0.1999
krea2_ffn_up,4352,16384,6144,sweep,bf16,10,8,48.521500,48.616100,0.1950
krea2_ffn_up,4352,16384,6144,sweep,bf16,10,9,48.643100,48.610800,-0.0664
krea2_ffn_up,4352,16384,6144,sweep,bf16,10,10,48.461700,48.636000,0.3597
krea2_ffn_up,4352,16384,6144,sweep,bf16,10,11,48.450000,48.547400,0.2010
krea2_ffn_up,4352,16384,6144,sweep,bf16,10,12,48.519300,48.662500,0.2951
krea2_ffn_up,4352,16384,6144,sweep,bf16,10,13,48.566500,48.566200,-0.0006
krea2_ffn_up,4352,16384,6144,sweep,bf16,10,14,48.496700,48.677200,0.3722
krea2_ffn_up,4352,16384,6144,sweep,bf16,10,15,48.535400,48.645400,0.2266
krea2_ffn_up,4352,16384,6144,sweep,bf16,10,16,48.566300,48.644400,0.1608
krea2_ffn_up,4352,16384,6144,sweep,bf16,10,17,48.392100,48.570600,0.3689
krea2_ffn_up,4352,16384,6144,sweep,bf16,10,18,48.536900,48.701000,0.3381
krea2_ffn_up,4352,16384,6144,sweep,bf16,10,19,48.432000,48.636500,0.4222
krea2_ffn_up,4352,16384,6144,sweep,bf16,10,20,48.553200,48.609600,0.1162
krea2_ffn_up,4352,16384,6144,sweep,bf16,10,21,48.563100,48.708600,0.2996
krea2_ffn_up,4352,16384,6144,sweep,bf16,10,22,48.469600,48.656700,0.3860
krea2_ffn_up,4352,16384,6144,sweep,bf16,10,23,48.498900,48.643800,0.2988
krea2_ffn_up,4352,16384,6144,sweep,bf16,10,24,48.657300,48.675700,0.0378
krea2_ffn_up,4352,16384,6144,sweep,bf16,10,25,48.571000,48.607200,0.0745
krea2_ffn_up,4352,16384,6144,sweep,bf16,10,26,48.544500,48.767800,0.4600
krea2_ffn_up,4352,16384,6144,sweep,bf16,10,27,48.410800,48.737000,0.6738
krea2_ffn_up,4352,16384,6144,sweep,bf16,10,28,48.523200,48.588400,0.1344
krea2_ffn_up,4352,16384,6144,sweep,bf16,10,29,48.534100,48.625400,0.1881
krea2_ffn_up,4352,16384,6144,sweep,bf16,10,30,48.363100,48.613300,0.5173
krea2_ffn_up,4352,16384,6144,sweep,bf16,10,31,48.482800,48.632000,0.3077
krea2_ffn_up,4352,16384,6144,sweep,bf16,10,32,48.558300,48.714800,0.3223
krea2_ffn_up,4352,16384,6144,sweep,bf16,10,33,48.451000,48.718000,0.5511
krea2_ffn_up,4352,16384,6144,sweep,bf16,10,34,48.424300,48.624400,0.4132
krea2_ffn_up,4352,16384,6144,sweep,bf16,10,35,48.591400,48.690900,0.2048
krea2_ffn_up,4352,16384,6144,sweep,bf16,10,36,48.511300,48.616900,0.2177
krea2_ffn_up,4352,16384,6144,sweep,bf16,10,37,48.585300,48.710200,0.2571
krea2_ffn_up,4352,16384,6144,sweep,bf16,10,38,48.478200,48.719600,0.4980
krea2_ffn_up,4352,16384,6144,sweep,bf16,10,39,48.434300,48.663300,0.4728
krea2_ffn_up,4352,16384,6144,sweep,bf16,10,40,48.565500,48.628300,0.1293
krea2_ffn_up,4352,16384,6144,sweep,bf16,10,41,48.638100,48.645500,0.0152
krea2_ffn_up,4352,16384,6144,sweep,bf16,10,42,48.529800,48.563300,0.0690
krea2_ffn_up,4352,16384,6144,sweep,bf16,10,43,48.453900,48.686500,0.4800
krea2_ffn_up,4352,16384,6144,sweep,bf16,10,44,48.530500,48.690000,0.3287
krea2_ffn_up,4352,16384,6144,sweep,bf16,10,45,48.583200,48.650400,0.1383
krea2_ffn_up,4352,16384,6144,sweep,bf16,10,46,48.543800,48.531400,-0.0255
krea2_ffn_up,4352,16384,6144,sweep,bf16,10,47,48.335600,48.610600,0.5689
krea2_ffn_up,4352,16384,6144,sweep,bf16,10,48,48.406700,48.564900,0.3268
krea2_ffn_up,4352,16384,6144,sweep,bf16,10,49,48.421800,48.678500,0.5301
krea2_ffn_up,4352,16384,6144,sweep,bf16,10,50,48.467400,48.507100,0.0819
krea2_ffn_down,4352,6144,16384,sweep,bf16,10,0,55.321300,54.894500,-0.7715
krea2_ffn_down,4352,6144,16384,sweep,bf16,10,1,55.434200,54.794700,-1.1536
krea2_ffn_down,4352,6144,16384,sweep,bf16,10,2,55.414900,54.991600,-0.7639
krea2_ffn_down,4352,6144,16384,sweep,bf16,10,3,55.488700,54.519400,-1.7468
krea2_ffn_down,4352,6144,16384,sweep,bf16,10,4,55.466300,54.900900,-1.0194
krea2_ffn_down,4352,6144,16384,sweep,bf16,10,5,55.371500,54.875500,-0.8958
krea2_ffn_down,4352,6144,16384,sweep,bf16,10,6,55.105900,54.879400,-0.4110
krea2_ffn_down,4352,6144,16384,sweep,bf16,10,7,55.258300,54.868300,-0.7058
krea2_ffn_down,4352,6144,16384,sweep,bf16,10,8,55.371100,55.050800,-0.5785
krea2_ffn_down,4352,6144,16384,sweep,bf16,10,9,55.136500,54.859400,-0.5026
krea2_ffn_down,4352,6144,16384,sweep,bf16,10,10,55.405400,54.969200,-0.7873
krea2_ffn_down,4352,6144,16384,sweep,bf16,10,11,55.362400,54.766400,-1.0765
krea2_ffn_down,4352,6144,16384,sweep,bf16,10,12,55.414500,55.000800,-0.7466
krea2_ffn_down,4352,6144,16384,sweep,bf16,10,13,55.510600,54.588200,-1.6617
krea2_ffn_down,4352,6144,16384,sweep,bf16,10,14,55.405600,54.836700,-1.0268
krea2_ffn_down,4352,6144,16384,sweep,bf16,10,15,55.518100,54.696900,-1.4792
krea2_ffn_down,4352,6144,16384,sweep,bf16,10,16,55.445800,54.750000,-1.2549
krea2_ffn_down,4352,6144,16384,sweep,bf16,10,17,55.146500,54.860900,-0.5179
krea2_ffn_down,4352,6144,16384,sweep,bf16,10,18,55.040800,54.698400,-0.6221
krea2_ffn_down,4352,6144,16384,sweep,bf16,10,19,55.447300,54.813700,-1.1427
krea2_ffn_down,4352,6144,16384,sweep,bf16,10,20,55.454400,54.768200,-1.2374
krea2_ffn_down,4352,6144,16384,sweep,bf16,10,21,55.510400,54.861600,-1.1688
krea2_ffn_down,4352,6144,16384,sweep,bf16,10,22,55.398400,54.759900,-1.1526
krea2_ffn_down,4352,6144,16384,sweep,bf16,10,23,55.388700,54.905900,-0.8717
krea2_ffn_down,4352,6144,16384,sweep,bf16,10,24,55.426800,54.944900,-0.8694
krea2_ffn_down,4352,6144,16384,sweep,bf16,10,25,55.330600,54.890800,-0.7949
krea2_ffn_down,4352,6144,16384,sweep,bf16,10,26,55.118200,54.963900,-0.2799
krea2_ffn_down,4352,6144,16384,sweep,bf16,10,27,55.212000,54.820600,-0.7089
krea2_ffn_down,4352,6144,16384,sweep,bf16,10,28,55.453700,54.899300,-0.9998
krea2_ffn_down,4352,6144,16384,sweep,bf16,10,29,55.535200,54.809600,-1.3066
krea2_ffn_down,4352,6144,16384,sweep,bf16,10,30,54.802200,54.630100,-0.3140
krea2_ffn_down,4352,6144,16384,sweep,bf16,10,31,55.560000,54.870700,-1.2406
krea2_ffn_down,4352,6144,16384,sweep,bf16,10,32,55.447100,54.857600,-1.0632
krea2_ffn_down,4352,6144,16384,sweep,bf16,10,33,55.266800,54.865500,-0.7261
krea2_ffn_down,4352,6144,16384,sweep,bf16,10,34,55.388800,54.853900,-0.9657
krea2_ffn_down,4352,6144,16384,sweep,bf16,10,35,55.211500,54.528900,-1.2363
krea2_ffn_down,4352,6144,16384,sweep,bf16,10,36,55.442400,54.931000,-0.9224
krea2_ffn_down,4352,6144,16384,sweep,bf16,10,37,55.405800,54.797600,-1.0977
krea2_ffn_down,4352,6144,16384,sweep,bf16,10,38,55.069300,54.630300,-0.7972
krea2_ffn_down,4352,6144,16384,sweep,bf16,10,39,55.575000,54.691400,-1.5899
krea2_ffn_down,4352,6144,16384,sweep,bf16,10,40,55.404600,51.740800,-6.6128
krea2_ffn_down,4352,6144,16384,sweep,bf16,10,41,55.187300,54.520500,-1.2082
krea2_ffn_down,4352,6144,16384,sweep,bf16,10,42,55.122500,54.800500,-0.5842
krea2_ffn_down,4352,6144,16384,sweep,bf16,10,43,55.141100,54.877000,-0.4790
krea2_ffn_down,4352,6144,16384,sweep,bf16,10,44,55.434400,54.931600,-0.9070
krea2_ffn_down,4352,6144,16384,sweep,bf16,10,45,55.557500,54.556400,-1.8019
krea2_ffn_down,4352,6144,16384,sweep,bf16,10,46,55.431400,54.891800,-0.9735
krea2_ffn_down,4352,6144,16384,sweep,bf16,10,47,55.395900,54.866500,-0.9557
krea2_ffn_down,4352,6144,16384,sweep,bf16,10,48,55.346200,54.877300,-0.8472
krea2_ffn_down,4352,6144,16384,sweep,bf16,10,49,55.401300,54.891500,-0.9202
krea2_ffn_down,4352,6144,16384,sweep,bf16,10,50,55.008000,54.890200,-0.2142
