M,N,K,dtype,iters,pair,baseline_ms,h256_ms,overhead_pct,run
1024,1024,1024,fp16,50,0,0.664740,0.411420,-38.1081,staged_primary
1024,1024,1024,fp16,50,1,0.381940,0.386980,1.3196,staged_primary
1024,1024,1024,fp16,50,2,0.382080,0.375340,-1.7640,staged_primary
1024,1024,1024,fp16,50,3,0.381500,0.374020,-1.9607,staged_primary
1024,1024,1024,fp16,50,4,0.381080,0.369320,-3.0860,staged_primary
1024,1024,1024,fp16,50,5,0.379780,0.371340,-2.2223,staged_primary
1024,1024,1024,fp16,50,6,0.376780,0.372600,-1.1094,staged_primary
1024,1024,1024,fp16,50,7,0.382260,0.375180,-1.8521,staged_primary
1024,1024,1024,fp16,50,8,0.377860,0.374200,-0.9686,staged_primary
1024,1024,1024,fp16,50,9,0.384220,0.371900,-3.2065,staged_primary
1024,1024,1024,fp16,50,10,0.378600,0.368000,-2.7998,staged_primary
1024,1024,1024,fp16,50,11,0.354160,0.350740,-0.9657,staged_primary
1024,1024,1024,fp16,50,12,0.359100,0.356320,-0.7742,staged_primary
1024,1024,1024,fp16,50,13,0.379920,0.367540,-3.2586,staged_primary
1024,1024,1024,fp16,50,14,0.379320,0.370300,-2.3779,staged_primary
1024,1024,1024,fp16,50,15,0.371940,0.375520,0.9625,staged_primary
1024,1024,1024,fp16,50,16,0.380060,0.374980,-1.3366,staged_primary
1024,1024,1024,fp16,50,17,0.383340,0.378420,-1.2835,staged_primary
1024,1024,1024,fp16,50,18,0.383160,0.372640,-2.7456,staged_primary
1024,1024,1024,fp16,50,19,0.379320,0.372500,-1.7980,staged_primary
1024,1024,1024,fp16,50,20,0.377920,0.372460,-1.4448,staged_primary
1024,1024,1024,fp16,50,21,0.379940,0.379620,-0.0842,staged_primary
1024,1024,1024,fp16,50,22,0.377120,0.372640,-1.1880,staged_primary
1024,1024,1024,fp16,50,23,0.378440,0.373060,-1.4216,staged_primary
1024,1024,1024,fp16,50,24,0.377740,0.372320,-1.4348,staged_primary
1024,1024,1024,fp16,50,25,0.377900,0.371120,-1.7941,staged_primary
1024,1024,1024,fp16,50,26,0.380100,0.371000,-2.3941,staged_primary
1024,1024,1024,fp16,50,27,0.378840,0.378520,-0.0845,staged_primary
1024,1024,1024,fp16,50,28,0.379380,0.372360,-1.8504,staged_primary
1024,1024,1024,fp16,50,29,0.378240,0.371000,-1.9141,staged_primary
1024,1024,1024,fp16,50,30,0.381420,0.371460,-2.6113,staged_primary
1024,1024,1024,fp16,50,31,0.381340,0.374240,-1.8619,staged_primary
1024,1024,1024,fp16,50,32,0.375620,0.372460,-0.8413,staged_primary
1024,1024,1024,fp16,50,33,0.380480,0.374520,-1.5664,staged_primary
1024,1024,1024,fp16,50,34,0.382820,0.370680,-3.1712,staged_primary
1024,1024,1024,fp16,50,35,0.391980,0.376320,-3.9951,staged_primary
1024,1024,1024,fp16,50,36,0.384080,0.382320,-0.4582,staged_primary
1024,1024,1024,fp16,50,37,0.379440,0.378980,-0.1212,staged_primary
1024,1024,1024,fp16,50,38,0.394300,0.386560,-1.9630,staged_primary
1024,1024,1024,fp16,50,39,0.389060,0.384020,-1.2954,staged_primary
1024,1024,1024,fp16,50,40,0.390420,0.380360,-2.5767,staged_primary
1024,1024,1024,fp16,50,41,0.384980,0.383180,-0.4676,staged_primary
1024,1024,1024,fp16,50,42,0.369740,0.359180,-2.8561,staged_primary
1024,1024,1024,fp16,50,43,0.386740,0.374900,-3.0615,staged_primary
1024,1024,1024,fp16,50,44,0.379400,0.383140,0.9858,staged_primary
1024,1024,1024,fp16,50,45,0.391580,0.379900,-2.9828,staged_primary
1024,1024,1024,fp16,50,46,0.390200,0.382440,-1.9887,staged_primary
1024,1024,1024,fp16,50,47,0.388160,0.378100,-2.5917,staged_primary
1024,1024,1024,fp16,50,48,0.390340,0.377680,-3.2433,staged_primary
1024,1024,1024,fp16,50,49,0.387400,0.379540,-2.0289,staged_primary
1024,1024,1024,fp16,50,50,0.385000,0.374560,-2.7117,staged_primary
1024,1024,1024,fp16,50,51,0.380060,0.374660,-1.4208,staged_primary
1024,1024,1024,fp16,50,52,0.377100,0.371880,-1.3843,staged_primary
1024,1024,1024,fp16,50,53,0.378720,0.375580,-0.8291,staged_primary
1024,1024,1024,fp16,50,54,0.385120,0.366060,-4.9491,staged_primary
1024,1024,1024,fp16,50,55,0.376860,0.373460,-0.9022,staged_primary
1024,1024,1024,fp16,50,56,0.381200,0.367540,-3.5834,staged_primary
1024,1024,1024,fp16,50,57,0.377280,0.368320,-2.3749,staged_primary
1024,1024,1024,fp16,50,58,0.380520,0.370940,-2.5176,staged_primary
1024,1024,1024,fp16,50,59,0.376560,0.371220,-1.4181,staged_primary
1024,1024,1024,fp16,50,60,0.373100,0.368920,-1.1203,staged_primary
1024,1024,1024,fp16,50,61,0.375400,0.367880,-2.0032,staged_primary
1024,1024,1024,fp16,50,62,0.372520,0.371800,-0.1933,staged_primary
1024,1024,1024,fp16,50,63,0.381000,0.367960,-3.4226,staged_primary
1024,1024,1024,fp16,50,64,0.376980,0.374640,-0.6207,staged_primary
1024,1024,1024,fp16,50,65,0.376020,0.369780,-1.6595,staged_primary
1024,1024,1024,fp16,50,66,0.382620,0.368900,-3.5858,staged_primary
1024,1024,1024,fp16,50,67,0.378380,0.371200,-1.8976,staged_primary
1024,1024,1024,fp16,50,68,0.376480,0.369220,-1.9284,staged_primary
1024,1024,1024,fp16,50,69,0.379040,0.374260,-1.2611,staged_primary
1024,1024,1024,fp16,50,70,0.382200,0.371320,-2.8467,staged_primary
1024,1024,1024,fp16,50,71,0.376920,0.374880,-0.5412,staged_primary
1024,1024,1024,fp16,50,72,0.371080,0.370080,-0.2695,staged_primary
1024,1024,1024,fp16,50,73,0.376520,0.370660,-1.5564,staged_primary
1024,1024,1024,fp16,50,74,0.377780,0.372260,-1.4612,staged_primary
1024,1024,1024,fp16,50,75,0.374200,0.369760,-1.1865,staged_primary
1024,1024,1024,fp16,50,76,0.375260,0.368760,-1.7321,staged_primary
1024,1024,1024,fp16,50,77,0.380460,0.367640,-3.3696,staged_primary
1024,1024,1024,fp16,50,78,0.372140,0.368940,-0.8599,staged_primary
1024,1024,1024,fp16,50,79,0.374480,0.369620,-1.2978,staged_primary
1024,1024,1024,fp16,50,80,0.378920,0.368660,-2.7077,staged_primary
1024,1024,1024,fp16,50,81,0.375640,0.372260,-0.8998,staged_primary
1024,1024,1024,fp16,50,82,0.380860,0.371420,-2.4786,staged_primary
1024,1024,1024,fp16,50,83,0.379400,0.370660,-2.3036,staged_primary
1024,1024,1024,fp16,50,84,0.377880,0.374220,-0.9686,staged_primary
1024,1024,1024,fp16,50,85,0.378180,0.372220,-1.5760,staged_primary
1024,1024,1024,fp16,50,86,0.378100,0.374600,-0.9257,staged_primary
1024,1024,1024,fp16,50,87,0.379820,0.372300,-1.9799,staged_primary
1024,1024,1024,fp16,50,88,0.376900,0.373960,-0.7800,staged_primary
1024,1024,1024,fp16,50,89,0.378800,0.369260,-2.5185,staged_primary
1024,1024,1024,fp16,50,90,0.376740,0.371840,-1.3006,staged_primary
1024,1024,1024,fp16,50,91,0.379040,0.368580,-2.7596,staged_primary
1024,1024,1024,fp16,50,92,0.373520,0.368240,-1.4136,staged_primary
1024,1024,1024,fp16,50,93,0.377620,0.367360,-2.7170,staged_primary
1024,1024,1024,fp16,50,94,0.376000,0.375620,-0.1011,staged_primary
1024,1024,1024,fp16,50,95,0.374460,0.369980,-1.1964,staged_primary
1024,1024,1024,fp16,50,96,0.375860,0.366660,-2.4477,staged_primary
1024,1024,1024,fp16,50,97,0.377440,0.372060,-1.4254,staged_primary
1024,1024,1024,fp16,50,98,0.375280,0.370520,-1.2684,staged_primary
1024,1024,1024,fp16,50,99,0.377660,0.371820,-1.5464,staged_primary
1024,1024,1024,fp16,50,100,0.375260,0.371260,-1.0659,staged_primary
1024,1024,1024,fp16,50,101,0.375760,0.371620,-1.1018,staged_primary
1024,1024,1024,fp16,50,102,0.374600,0.373860,-0.1975,staged_primary
1024,1024,1024,fp16,50,103,0.377320,0.370980,-1.6803,staged_primary
1024,1024,1024,fp16,50,104,0.378160,0.370920,-1.9145,staged_primary
1024,1024,1024,fp16,50,105,0.375920,0.371000,-1.3088,staged_primary
1024,1024,1024,fp16,50,106,0.374820,0.364700,-2.7000,staged_primary
1024,1024,1024,fp16,50,107,0.376920,0.367620,-2.4674,staged_primary
1024,1024,1024,fp16,50,108,0.376960,0.370620,-1.6819,staged_primary
1024,1024,1024,fp16,50,109,0.380960,0.370540,-2.7352,staged_primary
1024,1024,1024,fp16,50,110,0.379520,0.358220,-5.6124,staged_primary
1024,1024,1024,fp16,50,111,0.572680,0.519860,-9.2233,staged_primary
1024,1024,1024,fp16,50,112,0.374200,0.366240,-2.1272,staged_primary
1024,1024,1024,fp16,50,113,0.411060,0.460200,11.9545,staged_primary
1024,1024,1024,fp16,50,114,0.383540,0.374320,-2.4039,staged_primary
1024,1024,1024,fp16,50,115,0.377980,0.374780,-0.8466,staged_primary
1024,1024,1024,fp16,50,116,0.377920,0.375060,-0.7568,staged_primary
1024,1024,1024,fp16,50,117,0.381120,0.366760,-3.7678,staged_primary
1024,1024,1024,fp16,50,118,0.377000,0.372760,-1.1247,staged_primary
1024,1024,1024,fp16,50,119,0.371720,0.360740,-2.9538,staged_primary
1024,1024,1024,fp16,50,120,0.372180,0.371340,-0.2257,staged_primary
1024,1024,1024,fp16,50,121,0.373140,0.366240,-1.8492,staged_primary
1024,1024,1024,fp16,50,122,0.376320,0.369920,-1.7007,staged_primary
1024,1024,1024,fp16,50,123,0.378500,0.370200,-2.1929,staged_primary
1024,1024,1024,fp16,50,124,0.379620,0.367000,-3.3244,staged_primary
1024,1024,1024,fp16,50,125,0.373640,0.370400,-0.8671,staged_primary
1024,1024,1024,fp16,50,126,0.377440,0.366560,-2.8826,staged_primary
1024,1024,1024,fp16,50,127,0.373180,0.370480,-0.7235,staged_primary
1024,1024,1024,fp16,50,128,0.377120,0.369500,-2.0206,staged_primary
1024,1024,1024,fp16,50,129,0.381200,0.366220,-3.9297,staged_primary
1024,1024,1024,fp16,50,130,0.377340,0.371120,-1.6484,staged_primary
1024,1024,1024,fp16,50,131,0.368480,0.370720,0.6079,staged_primary
1024,1024,1024,fp16,50,132,0.374180,0.368580,-1.4966,staged_primary
1024,1024,1024,fp16,50,133,0.375680,0.369180,-1.7302,staged_primary
1024,1024,1024,fp16,50,134,0.373320,0.366700,-1.7733,staged_primary
1024,1024,1024,fp16,50,135,0.374080,0.366540,-2.0156,staged_primary
1024,1024,1024,fp16,50,136,0.372560,0.367040,-1.4816,staged_primary
1024,1024,1024,fp16,50,137,0.373320,0.371280,-0.5464,staged_primary
1024,1024,1024,fp16,50,138,0.373920,0.371080,-0.7595,staged_primary
1024,1024,1024,fp16,50,139,0.372460,0.369800,-0.7142,staged_primary
1024,1024,1024,fp16,50,140,0.373820,0.372160,-0.4441,staged_primary
1024,1024,1024,fp16,50,141,0.374760,0.373540,-0.3255,staged_primary
1024,1024,1024,fp16,50,142,0.370240,0.372740,0.6752,staged_primary
1024,1024,1024,fp16,50,143,0.370400,0.366200,-1.1339,staged_primary
1024,1024,1024,fp16,50,144,0.376480,0.364840,-3.0918,staged_primary
1024,1024,1024,fp16,50,145,0.371600,0.366220,-1.4478,staged_primary
1024,1024,1024,fp16,50,146,0.374820,0.373200,-0.4322,staged_primary
1024,1024,1024,fp16,50,147,0.378520,0.373960,-1.2047,staged_primary
1024,1024,1024,fp16,50,148,0.381540,0.375660,-1.5411,staged_primary
1024,1024,1024,fp16,50,149,0.379500,0.372240,-1.9130,staged_primary
1024,1024,1024,fp16,50,150,0.375980,0.370960,-1.3352,staged_primary
1024,1024,1024,fp16,50,151,0.383920,0.372440,-2.9902,staged_primary
1024,1024,1024,fp16,50,152,0.379260,0.372460,-1.7930,staged_primary
1024,1024,1024,fp16,50,153,0.374580,0.368840,-1.5324,staged_primary
1024,1024,1024,fp16,50,154,0.379280,0.374720,-1.2023,staged_primary
1024,1024,1024,fp16,50,155,0.380280,0.374800,-1.4410,staged_primary
1024,1024,1024,fp16,50,156,0.382600,0.373040,-2.4987,staged_primary
1024,1024,1024,fp16,50,157,0.375520,0.371300,-1.1238,staged_primary
1024,1024,1024,fp16,50,158,0.358340,0.344560,-3.8455,staged_primary
1024,1024,1024,fp16,50,159,0.377540,0.372360,-1.3720,staged_primary
1024,1024,1024,fp16,50,160,0.377760,0.369440,-2.2025,staged_primary
1024,1024,1024,fp16,50,161,0.375440,0.377700,0.6020,staged_primary
1024,1024,1024,fp16,50,162,0.369140,0.365580,-0.9644,staged_primary
1024,1024,1024,fp16,50,163,0.374600,0.370560,-1.0785,staged_primary
1024,1024,1024,fp16,50,164,0.380580,0.373320,-1.9076,staged_primary
1024,1024,1024,fp16,50,165,0.378260,0.365580,-3.3522,staged_primary
1024,1024,1024,fp16,50,166,0.374380,0.361100,-3.5472,staged_primary
1024,1024,1024,fp16,50,167,0.375640,0.371520,-1.0968,staged_primary
1024,1024,1024,fp16,50,168,0.375320,0.369980,-1.4228,staged_primary
1024,1024,1024,fp16,50,169,0.375160,0.372480,-0.7144,staged_primary
1024,1024,1024,fp16,50,170,0.380480,0.368680,-3.1013,staged_primary
1024,1024,1024,fp16,50,171,0.383160,0.372860,-2.6882,staged_primary
1024,1024,1024,fp16,50,172,0.375600,0.374180,-0.3781,staged_primary
1024,1024,1024,fp16,50,173,0.381560,0.371060,-2.7519,staged_primary
1024,1024,1024,fp16,50,174,0.381020,0.373460,-1.9841,staged_primary
1024,1024,1024,fp16,50,175,0.379160,0.373320,-1.5402,staged_primary
1024,1024,1024,fp16,50,176,0.377340,0.372020,-1.4099,staged_primary
1024,1024,1024,fp16,50,177,0.374700,0.370480,-1.1262,staged_primary
1024,1024,1024,fp16,50,178,0.374420,0.371780,-0.7051,staged_primary
1024,1024,1024,fp16,50,179,0.379740,0.373020,-1.7696,staged_primary
1024,1024,1024,fp16,50,180,0.379460,0.368720,-2.8303,staged_primary
1024,1024,1024,fp16,50,181,0.375680,0.370980,-1.2511,staged_primary
1024,1024,1024,fp16,50,182,0.374880,0.373600,-0.3414,staged_primary
1024,1024,1024,fp16,50,183,0.380380,0.376380,-1.0516,staged_primary
1024,1024,1024,fp16,50,184,0.379840,0.366840,-3.4225,staged_primary
1024,1024,1024,fp16,50,185,0.379020,0.372620,-1.6886,staged_primary
1024,1024,1024,fp16,50,186,0.375360,0.374520,-0.2238,staged_primary
1024,1024,1024,fp16,50,187,0.372120,0.372540,0.1129,staged_primary
1024,1024,1024,fp16,50,188,0.376900,0.375720,-0.3131,staged_primary
1024,1024,1024,fp16,50,189,0.378920,0.369640,-2.4491,staged_primary
1024,1024,1024,fp16,50,190,0.380220,0.372860,-1.9357,staged_primary
1024,1024,1024,fp16,50,191,0.380860,0.370340,-2.7622,staged_primary
1024,1024,1024,fp16,50,192,0.379360,0.372700,-1.7556,staged_primary
1024,1024,1024,fp16,50,193,0.377820,0.373300,-1.1963,staged_primary
1024,1024,1024,fp16,50,194,0.379900,0.374140,-1.5162,staged_primary
1024,1024,1024,fp16,50,195,0.375160,0.374840,-0.0853,staged_primary
1024,1024,1024,fp16,50,196,0.381240,0.373160,-2.1194,staged_primary
1024,1024,1024,fp16,50,197,0.375160,0.373340,-0.4851,staged_primary
1024,1024,1024,fp16,50,198,0.377220,0.371220,-1.5906,staged_primary
1024,1024,1024,fp16,50,199,0.387140,0.382740,-1.1365,staged_primary
1024,1024,1024,fp16,50,200,0.393260,0.373900,-4.9230,staged_primary
1024,1024,1024,fp16,50,201,0.378380,0.371120,-1.9187,staged_primary
1024,1024,1024,fp16,50,202,0.385580,0.380700,-1.2656,staged_primary
1024,1024,1024,fp16,50,203,0.384560,0.378340,-1.6174,staged_primary
1024,1024,1024,fp16,50,204,0.386720,0.375580,-2.8806,staged_primary
1024,1024,1024,fp16,50,205,0.386320,0.383020,-0.8542,staged_primary
1024,1024,1024,fp16,50,206,0.383780,0.381940,-0.4794,staged_primary
1024,1024,1024,fp16,50,207,0.387180,0.379980,-1.8596,staged_primary
1024,1024,1024,fp16,50,208,0.388760,0.379120,-2.4797,staged_primary
1024,1024,1024,fp16,50,209,0.388060,0.380180,-2.0306,staged_primary
1024,1024,1024,fp16,50,210,0.385860,0.379500,-1.6483,staged_primary
1024,1024,1024,fp16,50,211,0.387680,0.381880,-1.4961,staged_primary
1024,1024,1024,fp16,50,212,0.389980,0.375700,-3.6617,staged_primary
1024,1024,1024,fp16,50,213,0.385680,0.383560,-0.5497,staged_primary
1024,1024,1024,fp16,50,214,0.387680,0.375360,-3.1779,staged_primary
1024,1024,1024,fp16,50,215,0.375940,0.372340,-0.9576,staged_primary
1024,1024,1024,fp16,50,216,0.373340,0.372500,-0.2250,staged_primary
1024,1024,1024,fp16,50,217,0.381420,0.368640,-3.3506,staged_primary
1024,1024,1024,fp16,50,218,0.375680,0.369920,-1.5332,staged_primary
1024,1024,1024,fp16,50,219,0.377700,0.372380,-1.4085,staged_primary
1024,1024,1024,fp16,50,220,0.379820,0.372920,-1.8167,staged_primary
1024,1024,1024,fp16,50,221,0.374740,0.370940,-1.0140,staged_primary
1024,1024,1024,fp16,50,222,0.377860,0.369400,-2.2389,staged_primary
1024,1024,1024,fp16,50,223,0.379880,0.369940,-2.6166,staged_primary
1024,1024,1024,fp16,50,224,0.379300,0.373280,-1.5871,staged_primary
1024,1024,1024,fp16,50,225,0.379320,0.367880,-3.0159,staged_primary
1024,1024,1024,fp16,50,226,0.380380,0.375240,-1.3513,staged_primary
1024,1024,1024,fp16,50,227,0.376520,0.368000,-2.2628,staged_primary
1024,1024,1024,fp16,50,228,0.375940,0.370700,-1.3938,staged_primary
1024,1024,1024,fp16,50,229,0.379640,0.371880,-2.0440,staged_primary
1024,1024,1024,fp16,50,230,0.380140,0.369800,-2.7201,staged_primary
1024,1024,1024,fp16,50,231,0.371960,0.370980,-0.2635,staged_primary
1024,1024,1024,fp16,50,232,0.377620,0.371000,-1.7531,staged_primary
1024,1024,1024,fp16,50,233,0.375980,0.370740,-1.3937,staged_primary
1024,1024,1024,fp16,50,234,0.378240,0.369700,-2.2578,staged_primary
1024,1024,1024,fp16,50,235,0.377040,0.372180,-1.2890,staged_primary
1024,1024,1024,fp16,50,236,0.377000,0.370080,-1.8355,staged_primary
1024,1024,1024,fp16,50,237,0.376100,0.370920,-1.3773,staged_primary
1024,1024,1024,fp16,50,238,0.377500,0.370240,-1.9232,staged_primary
1024,1024,1024,fp16,50,239,0.376800,0.372920,-1.0297,staged_primary
1024,1024,1024,fp16,50,240,0.378660,0.367940,-2.8310,staged_primary
1024,1024,1024,fp16,50,241,0.379560,0.371920,-2.0129,staged_primary
1024,1024,1024,fp16,50,242,0.380680,0.370240,-2.7425,staged_primary
1024,1024,1024,fp16,50,243,0.381280,0.370840,-2.7381,staged_primary
1024,1024,1024,fp16,50,244,0.379760,0.373660,-1.6063,staged_primary
1024,1024,1024,fp16,50,245,0.377660,0.370120,-1.9965,staged_primary
1024,1024,1024,fp16,50,246,0.379180,0.369200,-2.6320,staged_primary
1024,1024,1024,fp16,50,247,0.374120,0.367520,-1.7641,staged_primary
1024,1024,1024,fp16,50,248,0.380020,0.371180,-2.3262,staged_primary
1024,1024,1024,fp16,50,249,0.374560,0.369320,-1.3990,staged_primary
1024,1024,1024,fp16,50,250,0.375580,0.370140,-1.4484,staged_primary
1024,1024,1024,fp16,50,251,0.373780,0.369800,-1.0648,staged_primary
1024,1024,1024,fp16,50,252,0.376480,0.371020,-1.4503,staged_primary
1024,1024,1024,fp16,50,253,0.380900,0.370860,-2.6359,staged_primary
1024,1024,1024,fp16,50,254,0.379140,0.371900,-1.9096,staged_primary
1024,1024,1024,fp16,50,255,0.376860,0.373800,-0.8120,staged_primary
1024,1024,1024,fp16,50,256,0.377360,0.373840,-0.9328,staged_primary
1024,1024,1024,fp16,50,257,0.375280,0.371120,-1.1085,staged_primary
1024,1024,1024,fp16,50,258,0.379180,0.373260,-1.5613,staged_primary
1024,1024,1024,fp16,50,259,0.378660,0.370440,-2.1708,staged_primary
1024,1024,1024,fp16,50,260,0.378380,0.358680,-5.2064,staged_primary
1024,1024,1024,fp16,50,261,0.378280,0.370860,-1.9615,staged_primary
1024,1024,1024,fp16,50,262,0.378060,0.372360,-1.5077,staged_primary
1024,1024,1024,fp16,50,263,0.379500,0.368780,-2.8248,staged_primary
1024,1024,1024,fp16,50,264,0.377680,0.372120,-1.4721,staged_primary
1024,1024,1024,fp16,50,265,0.376340,0.373260,-0.8184,staged_primary
1024,1024,1024,fp16,50,266,0.377960,0.369060,-2.3547,staged_primary
1024,1024,1024,fp16,50,267,0.381100,0.371160,-2.6082,staged_primary
1024,1024,1024,fp16,50,268,0.377720,0.373320,-1.1649,staged_primary
1024,1024,1024,fp16,50,269,0.377200,0.370120,-1.8770,staged_primary
1024,1024,1024,fp16,50,270,0.367840,0.381500,3.7136,staged_primary
1024,1024,1024,fp16,50,271,0.383160,0.378860,-1.1222,staged_primary
1024,1024,1024,fp16,50,272,0.383320,0.378920,-1.1479,staged_primary
1024,1024,1024,fp16,50,273,0.387380,0.376280,-2.8654,staged_primary
1024,1024,1024,fp16,50,274,0.382420,0.379020,-0.8891,staged_primary
1024,1024,1024,fp16,50,275,0.388560,0.376020,-3.2273,staged_primary
1024,1024,1024,fp16,50,276,0.384380,0.379740,-1.2071,staged_primary
1024,1024,1024,fp16,50,277,0.381520,0.377780,-0.9803,staged_primary
1024,1024,1024,fp16,50,278,0.396640,0.380120,-4.1650,staged_primary
1024,1024,1024,fp16,50,279,0.387160,0.380940,-1.6066,staged_primary
1024,1024,1024,fp16,50,280,0.385160,0.381780,-0.8776,staged_primary
1024,1024,1024,fp16,50,281,0.381980,0.379540,-0.6388,staged_primary
1024,1024,1024,fp16,50,282,0.381600,0.375880,-1.4990,staged_primary
1024,1024,1024,fp16,50,283,0.380140,0.377780,-0.6208,staged_primary
1024,1024,1024,fp16,50,284,0.383260,0.378940,-1.1272,staged_primary
1024,1024,1024,fp16,50,285,0.386880,0.380580,-1.6284,staged_primary
1024,1024,1024,fp16,50,286,0.381820,0.379980,-0.4819,staged_primary
1024,1024,1024,fp16,50,287,0.383180,0.380520,-0.6942,staged_primary
1024,1024,1024,fp16,50,288,0.386060,0.379920,-1.5904,staged_primary
1024,1024,1024,fp16,50,289,0.386100,0.379000,-1.8389,staged_primary
1024,1024,1024,fp16,50,290,0.382580,0.377140,-1.4219,staged_primary
1024,1024,1024,fp16,50,291,0.383940,0.376420,-1.9586,staged_primary
1024,1024,1024,fp16,50,292,0.382220,0.380240,-0.5180,staged_primary
1024,1024,1024,fp16,50,293,0.385820,0.380620,-1.3478,staged_primary
1024,1024,1024,fp16,50,294,0.381360,0.380960,-0.1049,staged_primary
1024,1024,1024,fp16,50,295,0.385200,0.377300,-2.0509,staged_primary
1024,1024,1024,fp16,50,296,0.384980,0.377980,-1.8183,staged_primary
1024,1024,1024,fp16,50,297,0.383860,0.381040,-0.7346,staged_primary
1024,1024,1024,fp16,50,298,0.369700,0.373940,1.1469,staged_primary
1024,1024,1024,fp16,50,299,0.385380,0.375360,-2.6000,staged_primary
1024,1024,1024,fp16,50,300,0.383920,0.371800,-3.1569,staged_primary
2048,2048,2048,fp16,20,0,1.733450,1.186750,-31.5383,staged_primary
2048,2048,2048,fp16,20,1,1.183350,1.163550,-1.6732,staged_primary
2048,2048,2048,fp16,20,2,1.226950,1.192250,-2.8282,staged_primary
2048,2048,2048,fp16,20,3,1.474000,1.243050,-15.6683,staged_primary
2048,2048,2048,fp16,20,4,1.214600,1.187850,-2.2024,staged_primary
2048,2048,2048,fp16,20,5,1.385500,1.322150,-4.5724,staged_primary
2048,2048,2048,fp16,20,6,1.199900,1.184200,-1.3084,staged_primary
2048,2048,2048,fp16,20,7,1.209350,1.176500,-2.7163,staged_primary
2048,2048,2048,fp16,20,8,1.207300,1.190550,-1.3874,staged_primary
2048,2048,2048,fp16,20,9,1.210700,1.188050,-1.8708,staged_primary
2048,2048,2048,fp16,20,10,1.209300,1.186950,-1.8482,staged_primary
2048,2048,2048,fp16,20,11,1.202750,1.188600,-1.1765,staged_primary
2048,2048,2048,fp16,20,12,1.197800,1.191300,-0.5427,staged_primary
2048,2048,2048,fp16,20,13,1.210100,1.471000,21.5602,staged_primary
2048,2048,2048,fp16,20,14,1.216600,1.189200,-2.2522,staged_primary
2048,2048,2048,fp16,20,15,1.210050,1.188000,-1.8222,staged_primary
2048,2048,2048,fp16,20,16,1.206200,1.189200,-1.4094,staged_primary
2048,2048,2048,fp16,20,17,1.199500,1.178100,-1.7841,staged_primary
2048,2048,2048,fp16,20,18,1.211800,1.193900,-1.4771,staged_primary
2048,2048,2048,fp16,20,19,1.205300,1.196400,-0.7384,staged_primary
2048,2048,2048,fp16,20,20,1.204050,1.183650,-1.6943,staged_primary
2048,2048,2048,fp16,20,21,1.446050,1.192050,-17.5651,staged_primary
2048,2048,2048,fp16,20,22,1.281200,1.189650,-7.1456,staged_primary
2048,2048,2048,fp16,20,23,1.199450,1.190250,-0.7670,staged_primary
2048,2048,2048,fp16,20,24,1.203300,1.192850,-0.8684,staged_primary
2048,2048,2048,fp16,20,25,1.538400,1.176150,-23.5472,staged_primary
2048,2048,2048,fp16,20,26,1.204850,1.187400,-1.4483,staged_primary
2048,2048,2048,fp16,20,27,1.206050,1.180600,-2.1102,staged_primary
2048,2048,2048,fp16,20,28,1.196350,1.172800,-1.9685,staged_primary
2048,2048,2048,fp16,20,29,1.203200,1.188450,-1.2259,staged_primary
2048,2048,2048,fp16,20,30,1.209850,1.176850,-2.7276,staged_primary
2048,2048,2048,fp16,20,31,1.559000,1.181250,-24.2303,staged_primary
2048,2048,2048,fp16,20,32,1.209250,1.179600,-2.4519,staged_primary
2048,2048,2048,fp16,20,33,1.211400,1.195600,-1.3043,staged_primary
2048,2048,2048,fp16,20,34,1.198950,1.187300,-0.9717,staged_primary
2048,2048,2048,fp16,20,35,1.209150,1.186150,-1.9022,staged_primary
2048,2048,2048,fp16,20,36,1.528200,1.187300,-22.3073,staged_primary
2048,2048,2048,fp16,20,37,1.206600,1.176850,-2.4656,staged_primary
2048,2048,2048,fp16,20,38,1.217250,1.202050,-1.2487,staged_primary
2048,2048,2048,fp16,20,39,1.240200,1.703550,37.3609,staged_primary
2048,2048,2048,fp16,20,40,1.210900,1.185800,-2.0728,staged_primary
2048,2048,2048,fp16,20,41,1.202700,1.185250,-1.4509,staged_primary
2048,2048,2048,fp16,20,42,1.202600,1.191600,-0.9147,staged_primary
2048,2048,2048,fp16,20,43,1.203850,1.193200,-0.8847,staged_primary
2048,2048,2048,fp16,20,44,1.213300,1.197550,-1.2981,staged_primary
2048,2048,2048,fp16,20,45,1.527300,1.192050,-21.9505,staged_primary
2048,2048,2048,fp16,20,46,1.201550,1.185200,-1.3607,staged_primary
2048,2048,2048,fp16,20,47,1.216500,1.187350,-2.3962,staged_primary
2048,2048,2048,fp16,20,48,1.209850,1.185950,-1.9755,staged_primary
2048,2048,2048,fp16,20,49,1.200850,1.190400,-0.8702,staged_primary
2048,2048,2048,fp16,20,50,1.207900,1.198800,-0.7534,staged_primary
2048,2048,2048,fp16,20,51,1.214250,1.192300,-1.8077,staged_primary
2048,2048,2048,fp16,20,52,1.208650,1.191350,-1.4313,staged_primary
2048,2048,2048,fp16,20,53,1.207950,1.192800,-1.2542,staged_primary
2048,2048,2048,fp16,20,54,1.207000,1.185400,-1.7896,staged_primary
2048,2048,2048,fp16,20,55,1.208500,1.186150,-1.8494,staged_primary
2048,2048,2048,fp16,20,56,1.204950,1.193050,-0.9876,staged_primary
2048,2048,2048,fp16,20,57,1.214500,1.191450,-1.8979,staged_primary
2048,2048,2048,fp16,20,58,1.210900,1.189450,-1.7714,staged_primary
2048,2048,2048,fp16,20,59,1.209000,1.189650,-1.6005,staged_primary
2048,2048,2048,fp16,20,60,1.200050,1.187300,-1.0625,staged_primary
2048,2048,2048,fp16,20,61,1.206000,1.168650,-3.0970,staged_primary
2048,2048,2048,fp16,20,62,1.197300,1.176050,-1.7748,staged_primary
2048,2048,2048,fp16,20,63,1.208200,1.185450,-1.8830,staged_primary
2048,2048,2048,fp16,20,64,1.209750,1.193250,-1.3639,staged_primary
2048,2048,2048,fp16,20,65,1.212850,1.188500,-2.0077,staged_primary
2048,2048,2048,fp16,20,66,1.204650,1.192750,-0.9878,staged_primary
2048,2048,2048,fp16,20,67,1.207150,1.193900,-1.0976,staged_primary
2048,2048,2048,fp16,20,68,1.205150,1.191150,-1.1617,staged_primary
2048,2048,2048,fp16,20,69,1.202800,1.193950,-0.7358,staged_primary
2048,2048,2048,fp16,20,70,1.208800,1.192150,-1.3774,staged_primary
2048,2048,2048,fp16,20,71,1.207550,1.488100,23.2330,staged_primary
2048,2048,2048,fp16,20,72,1.218250,1.181800,-2.9920,staged_primary
2048,2048,2048,fp16,20,73,1.204850,1.184900,-1.6558,staged_primary
2048,2048,2048,fp16,20,74,1.213300,1.189900,-1.9286,staged_primary
2048,2048,2048,fp16,20,75,1.215950,1.195500,-1.6818,staged_primary
2048,2048,2048,fp16,20,76,1.204850,1.178250,-2.2077,staged_primary
2048,2048,2048,fp16,20,77,1.208700,1.188150,-1.7002,staged_primary
2048,2048,2048,fp16,20,78,1.213000,1.191250,-1.7931,staged_primary
2048,2048,2048,fp16,20,79,1.203550,1.471550,22.2675,staged_primary
2048,2048,2048,fp16,20,80,1.204950,1.179900,-2.0789,staged_primary
2048,2048,2048,fp16,20,81,1.202750,1.182550,-1.6795,staged_primary
2048,2048,2048,fp16,20,82,1.205150,1.182750,-1.8587,staged_primary
2048,2048,2048,fp16,20,83,1.204450,1.183500,-1.7394,staged_primary
2048,2048,2048,fp16,20,84,1.209950,1.196350,-1.1240,staged_primary
2048,2048,2048,fp16,20,85,1.397300,1.310850,-6.1869,staged_primary
2048,2048,2048,fp16,20,86,1.214700,1.186400,-2.3298,staged_primary
2048,2048,2048,fp16,20,87,1.208950,1.193850,-1.2490,staged_primary
2048,2048,2048,fp16,20,88,1.212500,1.188400,-1.9876,staged_primary
2048,2048,2048,fp16,20,89,1.212850,1.184050,-2.3746,staged_primary
2048,2048,2048,fp16,20,90,1.207750,1.189150,-1.5401,staged_primary
2048,2048,2048,fp16,20,91,1.211600,1.193700,-1.4774,staged_primary
2048,2048,2048,fp16,20,92,1.209900,1.184900,-2.0663,staged_primary
2048,2048,2048,fp16,20,93,1.207300,1.181050,-2.1743,staged_primary
2048,2048,2048,fp16,20,94,1.212050,1.188550,-1.9389,staged_primary
2048,2048,2048,fp16,20,95,1.327850,1.363400,2.6773,staged_primary
2048,2048,2048,fp16,20,96,1.211550,1.194600,-1.3990,staged_primary
2048,2048,2048,fp16,20,97,1.205250,1.182500,-1.8876,staged_primary
2048,2048,2048,fp16,20,98,1.200350,1.188250,-1.0080,staged_primary
2048,2048,2048,fp16,20,99,1.211250,1.185750,-2.1053,staged_primary
2048,2048,2048,fp16,20,100,1.213350,1.187750,-2.1099,staged_primary
4096,4096,4096,fp16,20,0,8.785350,8.480900,-3.4654,staged_primary
4096,4096,4096,fp16,20,1,8.321050,8.425400,1.2540,staged_primary
4096,4096,4096,fp16,20,2,8.773150,8.466050,-3.5005,staged_primary
4096,4096,4096,fp16,20,3,8.494550,8.314150,-2.1237,staged_primary
4096,4096,4096,fp16,20,4,8.659300,8.436300,-2.5753,staged_primary
4096,4096,4096,fp16,20,5,8.581900,8.349050,-2.7133,staged_primary
4096,4096,4096,fp16,20,6,8.428850,8.568100,1.6521,staged_primary
4096,4096,4096,fp16,20,7,8.455300,8.609600,1.8249,staged_primary
4096,4096,4096,fp16,20,8,8.659150,8.470000,-2.1844,staged_primary
4096,4096,4096,fp16,20,9,8.590650,8.401850,-2.1977,staged_primary
4096,4096,4096,fp16,20,10,8.610000,8.465650,-1.6765,staged_primary
4096,4096,4096,fp16,20,11,8.689500,8.377250,-3.5934,staged_primary
4096,4096,4096,fp16,20,12,8.605950,8.417100,-2.1944,staged_primary
4096,4096,4096,fp16,20,13,8.718000,8.508350,-2.4048,staged_primary
4096,4096,4096,fp16,20,14,8.686950,8.500250,-2.1492,staged_primary
4096,4096,4096,fp16,20,15,8.408400,8.529800,1.4438,staged_primary
4096,4096,4096,fp16,20,16,8.886350,8.347000,-6.0694,staged_primary
4096,4096,4096,fp16,20,17,8.730050,8.521850,-2.3849,staged_primary
4096,4096,4096,fp16,20,18,8.508450,8.550050,0.4889,staged_primary
4096,4096,4096,fp16,20,19,8.590500,8.443600,-1.7100,staged_primary
4096,4096,4096,fp16,20,20,8.417350,8.521600,1.2385,staged_primary
4096,4096,4096,fp16,20,21,8.748000,8.493350,-2.9110,staged_primary
4096,4096,4096,fp16,20,22,8.569050,8.541900,-0.3168,staged_primary
4096,4096,4096,fp16,20,23,8.624850,8.330700,-3.4105,staged_primary
4096,4096,4096,fp16,20,24,8.574700,8.521600,-0.6193,staged_primary
4096,4096,4096,fp16,20,25,8.630400,8.455850,-2.0225,staged_primary
4096,4096,4096,fp16,20,26,8.534900,8.452550,-0.9649,staged_primary
4096,4096,4096,fp16,20,27,8.692750,8.500100,-2.2162,staged_primary
4096,4096,4096,fp16,20,28,8.577850,8.530200,-0.5555,staged_primary
4096,4096,4096,fp16,20,29,8.595400,8.398550,-2.2902,staged_primary
4096,4096,4096,fp16,20,30,8.591300,8.268150,-3.7614,staged_primary
4096,4096,4096,fp16,20,31,8.607750,8.550050,-0.6703,staged_primary
4096,4096,4096,fp16,20,32,8.673700,8.368050,-3.5239,staged_primary
4096,4096,4096,fp16,20,33,8.764250,8.292850,-5.3787,staged_primary
4096,4096,4096,fp16,20,34,8.391900,8.258550,-1.5890,staged_primary
4096,4096,4096,fp16,20,35,8.660650,8.398750,-3.0240,staged_primary
4096,4096,4096,fp16,20,36,8.650500,8.363750,-3.3148,staged_primary
4096,4096,4096,fp16,20,37,8.770750,8.444150,-3.7237,staged_primary
4096,4096,4096,fp16,20,38,8.735150,8.352800,-4.3771,staged_primary
4096,4096,4096,fp16,20,39,8.715650,8.540300,-2.0119,staged_primary
4096,4096,4096,fp16,20,40,8.585350,8.432050,-1.7856,staged_primary
4096,4096,4096,fp16,20,41,8.478400,8.360350,-1.3924,staged_primary
4096,4096,4096,fp16,20,42,8.580700,8.504400,-0.8892,staged_primary
4096,4096,4096,fp16,20,43,8.857600,8.362350,-5.5912,staged_primary
4096,4096,4096,fp16,20,44,8.682000,8.336600,-3.9783,staged_primary
4096,4096,4096,fp16,20,45,8.680800,8.334500,-3.9893,staged_primary
4096,4096,4096,fp16,20,46,8.577900,8.421650,-1.8215,staged_primary
4096,4096,4096,fp16,20,47,8.725250,8.385400,-3.8950,staged_primary
4096,4096,4096,fp16,20,48,8.656150,8.386100,-3.1197,staged_primary
4096,4096,4096,fp16,20,49,8.638600,8.534900,-1.2004,staged_primary
4096,4096,4096,fp16,20,50,8.671500,8.382500,-3.3328,staged_primary
4096,4096,4096,fp16,20,51,8.580450,8.391150,-2.2062,staged_primary
4096,4096,4096,fp16,20,52,8.487100,8.418750,-0.8053,staged_primary
4096,4096,4096,fp16,20,53,8.662300,8.539800,-1.4142,staged_primary
4096,4096,4096,fp16,20,54,8.365500,8.538450,2.0674,staged_primary
4096,4096,4096,fp16,20,55,8.677450,8.305750,-4.2835,staged_primary
4096,4096,4096,fp16,20,56,8.784600,8.349900,-4.9484,staged_primary
4096,4096,4096,fp16,20,57,8.681750,8.398250,-3.2655,staged_primary
4096,4096,4096,fp16,20,58,8.435000,8.291600,-1.7001,staged_primary
4096,4096,4096,fp16,20,59,8.455800,8.570050,1.3511,staged_primary
4096,4096,4096,fp16,20,60,8.767050,8.413150,-4.0367,staged_primary
4096,4096,4096,fp16,20,61,8.599500,8.183850,-4.8334,staged_primary
4096,4096,4096,fp16,20,62,8.710600,8.340300,-4.2511,staged_primary
4096,4096,4096,fp16,20,63,8.456200,8.510750,0.6451,staged_primary
4096,4096,4096,fp16,20,64,8.608400,8.544150,-0.7464,staged_primary
4096,4096,4096,fp16,20,65,8.392300,8.510950,1.4138,staged_primary
4096,4096,4096,fp16,20,66,8.556400,8.436750,-1.3984,staged_primary
4096,4096,4096,fp16,20,67,8.524350,8.543600,0.2258,staged_primary
4096,4096,4096,fp16,20,68,8.592750,8.242200,-4.0796,staged_primary
4096,4096,4096,fp16,20,69,8.396800,8.417550,0.2471,staged_primary
4096,4096,4096,fp16,20,70,8.716500,8.273550,-5.0817,staged_primary
4096,4096,4096,fp16,20,71,8.717450,8.426050,-3.3427,staged_primary
4096,4096,4096,fp16,20,72,8.466150,8.484450,0.2162,staged_primary
4096,4096,4096,fp16,20,73,8.755400,8.441900,-3.5806,staged_primary
4096,4096,4096,fp16,20,74,8.547250,8.501400,-0.5364,staged_primary
4096,4096,4096,fp16,20,75,8.551900,8.336650,-2.5170,staged_primary
4096,4096,4096,fp16,20,76,8.493300,8.460200,-0.3897,staged_primary
4096,4096,4096,fp16,20,77,8.642750,8.279200,-4.2064,staged_primary
4096,4096,4096,fp16,20,78,8.580850,8.356250,-2.6175,staged_primary
4096,4096,4096,fp16,20,79,8.550800,8.529100,-0.2538,staged_primary
4096,4096,4096,fp16,20,80,8.577450,8.412600,-1.9219,staged_primary
4096,4096,4096,fp16,20,81,8.510650,8.563050,0.6157,staged_primary
4096,4096,4096,fp16,20,82,8.554700,8.427900,-1.4822,staged_primary
4096,4096,4096,fp16,20,83,8.452800,8.568350,1.3670,staged_primary
4096,4096,4096,fp16,20,84,8.557450,8.449150,-1.2656,staged_primary
4096,4096,4096,fp16,20,85,8.563100,8.578450,0.1793,staged_primary
4096,4096,4096,fp16,20,86,8.710850,8.523000,-2.1565,staged_primary
4096,4096,4096,fp16,20,87,8.498800,8.366450,-1.5573,staged_primary
4096,4096,4096,fp16,20,88,8.489100,8.532450,0.5107,staged_primary
4096,4096,4096,fp16,20,89,8.701850,8.374700,-3.7595,staged_primary
4096,4096,4096,fp16,20,90,8.668950,8.529400,-1.6098,staged_primary
4096,4096,4096,fp16,20,91,8.765650,8.450250,-3.5981,staged_primary
4096,4096,4096,fp16,20,92,8.472500,8.366350,-1.2529,staged_primary
4096,4096,4096,fp16,20,93,8.523350,8.621700,1.1539,staged_primary
4096,4096,4096,fp16,20,94,8.610100,8.428850,-2.1051,staged_primary
4096,4096,4096,fp16,20,95,8.575450,8.556150,-0.2251,staged_primary
4096,4096,4096,fp16,20,96,8.440600,8.358650,-0.9709,staged_primary
4096,4096,4096,fp16,20,97,9.646750,8.363100,-13.3066,staged_primary
4096,4096,4096,fp16,20,98,9.695350,8.487800,-12.4549,staged_primary
4096,4096,4096,fp16,20,99,8.618950,8.764350,1.6870,staged_primary
4096,4096,4096,fp16,20,100,8.554850,8.737900,2.1397,staged_primary
8192,4096,4096,fp16,20,0,15.524600,15.400100,-0.8020,staged_primary
8192,4096,4096,fp16,20,1,15.396650,15.209250,-1.2171,staged_primary
8192,4096,4096,fp16,20,2,15.463200,15.061950,-2.5949,staged_primary
8192,4096,4096,fp16,20,3,15.396550,15.175800,-1.4338,staged_primary
8192,4096,4096,fp16,20,4,15.543750,14.996950,-3.5178,staged_primary
8192,4096,4096,fp16,20,5,15.508900,15.057250,-2.9122,staged_primary
8192,4096,4096,fp16,20,6,15.844300,14.995850,-5.3549,staged_primary
8192,4096,4096,fp16,20,7,15.338200,15.235300,-0.6709,staged_primary
8192,4096,4096,fp16,20,8,15.716550,15.196500,-3.3089,staged_primary
8192,4096,4096,fp16,20,9,15.970900,15.081600,-5.5683,staged_primary
8192,4096,4096,fp16,20,10,15.688850,15.183200,-3.2230,staged_primary
8192,4096,4096,fp16,20,11,15.484450,15.204600,-1.8073,staged_primary
8192,4096,4096,fp16,20,12,15.520200,14.937800,-3.7525,staged_primary
8192,4096,4096,fp16,20,13,15.701850,15.266550,-2.7723,staged_primary
8192,4096,4096,fp16,20,14,15.538400,14.920300,-3.9779,staged_primary
8192,4096,4096,fp16,20,15,15.242150,15.370150,0.8398,staged_primary
8192,4096,4096,fp16,20,16,15.696300,15.275600,-2.6802,staged_primary
8192,4096,4096,fp16,20,17,15.396600,15.226700,-1.1035,staged_primary
8192,4096,4096,fp16,20,18,15.500750,15.256550,-1.5754,staged_primary
8192,4096,4096,fp16,20,19,15.667800,15.233100,-2.7745,staged_primary
8192,4096,4096,fp16,20,20,15.521250,14.971600,-3.5413,staged_primary
8192,4096,4096,fp16,20,21,15.174750,15.241450,0.4395,staged_primary
8192,4096,4096,fp16,20,22,15.524950,15.097900,-2.7507,staged_primary
8192,4096,4096,fp16,20,23,15.422200,15.139450,-1.8334,staged_primary
8192,4096,4096,fp16,20,24,15.687950,15.127600,-3.5718,staged_primary
8192,4096,4096,fp16,20,25,15.533250,15.067200,-3.0003,staged_primary
8192,4096,4096,fp16,20,26,15.445750,15.218800,-1.4693,staged_primary
8192,4096,4096,fp16,20,27,15.528250,14.982200,-3.5165,staged_primary
8192,4096,4096,fp16,20,28,15.653100,15.103650,-3.5102,staged_primary
8192,4096,4096,fp16,20,29,15.656300,15.117100,-3.4440,staged_primary
8192,4096,4096,fp16,20,30,15.580350,15.091100,-3.1402,staged_primary
8192,4096,4096,fp16,20,31,15.551000,15.211500,-2.1831,staged_primary
8192,4096,4096,fp16,20,32,15.451400,15.045100,-2.6295,staged_primary
8192,4096,4096,fp16,20,33,15.478250,15.104850,-2.4124,staged_primary
8192,4096,4096,fp16,20,34,15.800250,14.987850,-5.1417,staged_primary
8192,4096,4096,fp16,20,35,15.504650,15.155500,-2.2519,staged_primary
8192,4096,4096,fp16,20,36,15.428050,15.087100,-2.2099,staged_primary
8192,4096,4096,fp16,20,37,15.674050,15.084050,-3.7642,staged_primary
8192,4096,4096,fp16,20,38,15.367500,15.230700,-0.8902,staged_primary
8192,4096,4096,fp16,20,39,15.909600,15.214500,-4.3691,staged_primary
8192,4096,4096,fp16,20,40,15.448800,15.279750,-1.0943,staged_primary
8192,4096,4096,fp16,20,41,15.614300,15.114550,-3.2006,staged_primary
8192,4096,4096,fp16,20,42,15.477650,15.273750,-1.3174,staged_primary
8192,4096,4096,fp16,20,43,15.942450,15.339750,-3.7805,staged_primary
8192,4096,4096,fp16,20,44,15.523850,15.207800,-2.0359,staged_primary
8192,4096,4096,fp16,20,45,15.669250,15.352200,-2.0234,staged_primary
8192,4096,4096,fp16,20,46,15.858900,15.117500,-4.6750,staged_primary
8192,4096,4096,fp16,20,47,15.707950,15.185850,-3.3238,staged_primary
8192,4096,4096,fp16,20,48,15.499350,15.349150,-0.9691,staged_primary
8192,4096,4096,fp16,20,49,15.584700,15.043200,-3.4746,staged_primary
8192,4096,4096,fp16,20,50,15.750400,15.334350,-2.6415,staged_primary
8192,4096,4096,fp16,20,51,15.593250,15.109950,-3.0994,staged_primary
8192,4096,4096,fp16,20,52,15.677450,15.204800,-3.0148,staged_primary
8192,4096,4096,fp16,20,53,15.621500,15.416250,-1.3139,staged_primary
8192,4096,4096,fp16,20,54,15.612850,15.361750,-1.6083,staged_primary
8192,4096,4096,fp16,20,55,15.629650,15.227550,-2.5727,staged_primary
8192,4096,4096,fp16,20,56,15.582900,15.345950,-1.5206,staged_primary
8192,4096,4096,fp16,20,57,15.659850,15.266700,-2.5106,staged_primary
8192,4096,4096,fp16,20,58,15.624250,15.184750,-2.8129,staged_primary
8192,4096,4096,fp16,20,59,15.654850,15.223400,-2.7560,staged_primary
8192,4096,4096,fp16,20,60,15.473500,15.233750,-1.5494,staged_primary
8192,4096,4096,fp16,20,61,15.660950,15.141850,-3.3146,staged_primary
8192,4096,4096,fp16,20,62,15.767650,15.231000,-3.4035,staged_primary
8192,4096,4096,fp16,20,63,15.615600,15.201600,-2.6512,staged_primary
8192,4096,4096,fp16,20,64,15.667200,15.108100,-3.5686,staged_primary
8192,4096,4096,fp16,20,65,15.771300,15.205450,-3.5878,staged_primary
8192,4096,4096,fp16,20,66,15.693000,15.192550,-3.1890,staged_primary
8192,4096,4096,fp16,20,67,15.677950,15.193700,-3.0887,staged_primary
8192,4096,4096,fp16,20,68,15.340750,15.142250,-1.2939,staged_primary
8192,4096,4096,fp16,20,69,15.342250,15.251700,-0.5902,staged_primary
8192,4096,4096,fp16,20,70,15.418100,15.367150,-0.3305,staged_primary
8192,4096,4096,fp16,20,71,15.774350,15.128850,-4.0921,staged_primary
8192,4096,4096,fp16,20,72,15.706700,15.326650,-2.4197,staged_primary
8192,4096,4096,fp16,20,73,15.685600,15.168700,-3.2954,staged_primary
8192,4096,4096,fp16,20,74,15.795900,15.282050,-3.2531,staged_primary
8192,4096,4096,fp16,20,75,15.597700,15.217450,-2.4379,staged_primary
8192,4096,4096,fp16,20,76,16.005950,15.156950,-5.3043,staged_primary
8192,4096,4096,fp16,20,77,15.655300,15.154500,-3.1989,staged_primary
8192,4096,4096,fp16,20,78,15.815200,15.070650,-4.7078,staged_primary
8192,4096,4096,fp16,20,79,15.628100,15.280500,-2.2242,staged_primary
8192,4096,4096,fp16,20,80,15.546900,15.170750,-2.4195,staged_primary
8192,4096,4096,fp16,20,81,15.752300,15.240500,-3.2490,staged_primary
8192,4096,4096,fp16,20,82,15.706400,15.321500,-2.4506,staged_primary
8192,4096,4096,fp16,20,83,15.754600,15.362550,-2.4885,staged_primary
8192,4096,4096,fp16,20,84,15.716600,15.265900,-2.8677,staged_primary
8192,4096,4096,fp16,20,85,15.510900,15.065850,-2.8693,staged_primary
8192,4096,4096,fp16,20,86,15.654100,15.244350,-2.6175,staged_primary
8192,4096,4096,fp16,20,87,15.587950,15.284000,-1.9499,staged_primary
8192,4096,4096,fp16,20,88,15.649850,15.203850,-2.8499,staged_primary
8192,4096,4096,fp16,20,89,15.753550,15.200000,-3.5138,staged_primary
8192,4096,4096,fp16,20,90,15.344250,15.197350,-0.9574,staged_primary
8192,4096,4096,fp16,20,91,15.635750,15.363000,-1.7444,staged_primary
8192,4096,4096,fp16,20,92,15.629000,15.311750,-2.0299,staged_primary
8192,4096,4096,fp16,20,93,15.604100,15.115700,-3.1299,staged_primary
8192,4096,4096,fp16,20,94,15.636400,15.411300,-1.4396,staged_primary
8192,4096,4096,fp16,20,95,15.491700,15.288300,-1.3130,staged_primary
8192,4096,4096,fp16,20,96,15.778200,15.164850,-3.8873,staged_primary
8192,4096,4096,fp16,20,97,15.617400,15.255850,-2.3150,staged_primary
8192,4096,4096,fp16,20,98,15.464300,15.235150,-1.4818,staged_primary
8192,4096,4096,fp16,20,99,15.593200,15.108950,-3.1055,staged_primary
8192,4096,4096,fp16,20,100,15.591150,15.441250,-0.9614,staged_primary
4096,4096,4096,fp32,20,0,8.953450,8.699100,-2.8408,staged_primary
4096,4096,4096,fp32,20,1,8.867150,8.685150,-2.0525,staged_primary
4096,4096,4096,fp32,20,2,8.813000,8.611900,-2.2819,staged_primary
4096,4096,4096,fp32,20,3,8.910850,8.655700,-2.8634,staged_primary
4096,4096,4096,fp32,20,4,9.094650,8.677700,-4.5846,staged_primary
4096,4096,4096,fp32,20,5,8.950800,8.832500,-1.3217,staged_primary
4096,4096,4096,fp32,20,6,8.985050,8.837750,-1.6394,staged_primary
4096,4096,4096,fp32,20,7,8.828000,8.612250,-2.4439,staged_primary
4096,4096,4096,fp32,20,8,8.619450,8.905300,3.3163,staged_primary
4096,4096,4096,fp32,20,9,8.824450,8.636800,-2.1265,staged_primary
4096,4096,4096,fp32,20,10,8.855850,8.746100,-1.2393,staged_primary
4096,4096,4096,fp32,20,11,9.116700,8.576300,-5.9276,staged_primary
4096,4096,4096,fp32,20,12,8.877400,8.619600,-2.9040,staged_primary
4096,4096,4096,fp32,20,13,9.013900,8.766700,-2.7424,staged_primary
4096,4096,4096,fp32,20,14,8.747000,8.636500,-1.2633,staged_primary
4096,4096,4096,fp32,20,15,8.824850,8.719050,-1.1989,staged_primary
4096,4096,4096,fp32,20,16,8.892100,8.672000,-2.4752,staged_primary
4096,4096,4096,fp32,20,17,8.970100,8.663200,-3.4214,staged_primary
4096,4096,4096,fp32,20,18,8.883850,8.776500,-1.2084,staged_primary
4096,4096,4096,fp32,20,19,8.911600,8.718800,-2.1635,staged_primary
4096,4096,4096,fp32,20,20,8.835900,8.653100,-2.0688,staged_primary
4096,4096,4096,fp32,20,21,8.627950,8.788400,1.8597,staged_primary
4096,4096,4096,fp32,20,22,8.851350,8.634150,-2.4539,staged_primary
4096,4096,4096,fp32,20,23,8.839500,8.704750,-1.5244,staged_primary
4096,4096,4096,fp32,20,24,8.892650,8.644100,-2.7950,staged_primary
4096,4096,4096,fp32,20,25,8.948050,8.654600,-3.2795,staged_primary
4096,4096,4096,fp32,20,26,8.878250,8.714350,-1.8461,staged_primary
4096,4096,4096,fp32,20,27,8.795250,8.622250,-1.9670,staged_primary
4096,4096,4096,fp32,20,28,8.964700,8.744750,-2.4535,staged_primary
4096,4096,4096,fp32,20,29,8.850600,8.687400,-1.8439,staged_primary
4096,4096,4096,fp32,20,30,8.833050,8.634650,-2.2461,staged_primary
4096,4096,4096,fp32,20,31,8.943700,8.730200,-2.3872,staged_primary
4096,4096,4096,fp32,20,32,8.974800,8.700500,-3.0563,staged_primary
4096,4096,4096,fp32,20,33,8.799850,8.689150,-1.2580,staged_primary
4096,4096,4096,fp32,20,34,8.879400,8.705000,-1.9641,staged_primary
4096,4096,4096,fp32,20,35,8.621400,8.647750,0.3056,staged_primary
4096,4096,4096,fp32,20,36,8.864050,8.736600,-1.4378,staged_primary
4096,4096,4096,fp32,20,37,9.147050,8.691150,-4.9841,staged_primary
4096,4096,4096,fp32,20,38,8.827850,8.646200,-2.0577,staged_primary
4096,4096,4096,fp32,20,39,8.838300,8.831800,-0.0735,staged_primary
4096,4096,4096,fp32,20,40,9.057950,8.581100,-5.2644,staged_primary
4096,4096,4096,fp32,20,41,8.808150,8.569800,-2.7060,staged_primary
4096,4096,4096,fp32,20,42,8.926200,8.714850,-2.3677,staged_primary
4096,4096,4096,fp32,20,43,9.144800,8.756950,-4.2412,staged_primary
4096,4096,4096,fp32,20,44,8.893600,8.720150,-1.9503,staged_primary
4096,4096,4096,fp32,20,45,8.931550,8.661800,-3.0202,staged_primary
4096,4096,4096,fp32,20,46,8.998250,8.722900,-3.0600,staged_primary
4096,4096,4096,fp32,20,47,9.065650,8.708300,-3.9418,staged_primary
4096,4096,4096,fp32,20,48,8.796500,8.645800,-1.7132,staged_primary
4096,4096,4096,fp32,20,49,9.020750,8.808700,-2.3507,staged_primary
4096,4096,4096,fp32,20,50,9.127200,8.603500,-5.7378,staged_primary
4096,4096,4096,fp32,20,51,9.164800,8.556000,-6.6428,staged_primary
4096,4096,4096,fp32,20,52,8.887700,8.686250,-2.2666,staged_primary
4096,4096,4096,fp32,20,53,8.914700,8.743200,-1.9238,staged_primary
4096,4096,4096,fp32,20,54,8.798200,8.665700,-1.5060,staged_primary
4096,4096,4096,fp32,20,55,8.749850,8.897900,1.6920,staged_primary
4096,4096,4096,fp32,20,56,9.003100,8.623250,-4.2191,staged_primary
4096,4096,4096,fp32,20,57,8.838650,8.791100,-0.5380,staged_primary
4096,4096,4096,fp32,20,58,8.969900,8.682450,-3.2046,staged_primary
4096,4096,4096,fp32,20,59,9.508650,8.995800,-5.3935,staged_primary
4096,4096,4096,fp32,20,60,9.974800,9.163300,-8.1355,staged_primary
4096,4096,4096,fp32,20,61,9.517600,9.263200,-2.6729,staged_primary
4096,4096,4096,fp32,20,62,9.784950,8.805150,-10.0133,staged_primary
4096,4096,4096,fp32,20,63,9.755150,9.293000,-4.7375,staged_primary
4096,4096,4096,fp32,20,64,9.463400,8.836750,-6.6218,staged_primary
4096,4096,4096,fp32,20,65,9.751150,9.392950,-3.6734,staged_primary
4096,4096,4096,fp32,20,66,8.798650,8.675650,-1.3979,staged_primary
4096,4096,4096,fp32,20,67,8.946600,8.664100,-3.1576,staged_primary
4096,4096,4096,fp32,20,68,8.885650,8.708300,-1.9959,staged_primary
4096,4096,4096,fp32,20,69,8.884550,8.766350,-1.3304,staged_primary
4096,4096,4096,fp32,20,70,8.750650,8.807050,0.6445,staged_primary
4096,4096,4096,fp32,20,71,8.873050,8.649550,-2.5189,staged_primary
4096,4096,4096,fp32,20,72,9.088850,8.503900,-6.4359,staged_primary
4096,4096,4096,fp32,20,73,8.820650,8.806750,-0.1576,staged_primary
4096,4096,4096,fp32,20,74,8.825200,8.702600,-1.3892,staged_primary
4096,4096,4096,fp32,20,75,8.818850,8.746950,-0.8153,staged_primary
4096,4096,4096,fp32,20,76,8.855450,8.701050,-1.7436,staged_primary
4096,4096,4096,fp32,20,77,8.756200,8.847850,1.0467,staged_primary
4096,4096,4096,fp32,20,78,9.096300,8.577700,-5.7012,staged_primary
4096,4096,4096,fp32,20,79,8.912250,8.687200,-2.5252,staged_primary
4096,4096,4096,fp32,20,80,8.855250,8.580600,-3.1016,staged_primary
4096,4096,4096,fp32,20,81,8.909650,8.795800,-1.2778,staged_primary
4096,4096,4096,fp32,20,82,8.899500,8.798800,-1.1315,staged_primary
4096,4096,4096,fp32,20,83,8.825850,8.722650,-1.1693,staged_primary
4096,4096,4096,fp32,20,84,9.022550,8.642750,-4.2095,staged_primary
4096,4096,4096,fp32,20,85,8.799900,8.616100,-2.0887,staged_primary
4096,4096,4096,fp32,20,86,9.112500,8.609450,-5.5204,staged_primary
4096,4096,4096,fp32,20,87,8.849900,8.802550,-0.5350,staged_primary
4096,4096,4096,fp32,20,88,8.886200,8.723000,-1.8366,staged_primary
4096,4096,4096,fp32,20,89,8.988600,8.686300,-3.3631,staged_primary
4096,4096,4096,fp32,20,90,8.848800,8.848400,-0.0045,staged_primary
4096,4096,4096,fp32,20,91,8.819750,8.635600,-2.0879,staged_primary
4096,4096,4096,fp32,20,92,8.837550,8.676650,-1.8206,staged_primary
4096,4096,4096,fp32,20,93,9.168750,8.558350,-6.6574,staged_primary
4096,4096,4096,fp32,20,94,8.731200,8.790250,0.6763,staged_primary
4096,4096,4096,fp32,20,95,8.814650,8.725800,-1.0080,staged_primary
4096,4096,4096,fp32,20,96,8.906350,8.769150,-1.5405,staged_primary
4096,4096,4096,fp32,20,97,9.003500,8.714050,-3.2149,staged_primary
4096,4096,4096,fp32,20,98,8.806250,8.772250,-0.3861,staged_primary
4096,4096,4096,fp32,20,99,10.519850,8.651200,-17.7631,staged_primary
4096,4096,4096,fp32,20,100,9.643600,8.663950,-10.1586,staged_primary
4096,4096,4096,fp16,20,0,8.643950,8.626150,-0.2059,staged_confirmation
4096,4096,4096,fp16,20,1,8.687600,8.447550,-2.7631,staged_confirmation
4096,4096,4096,fp16,20,2,9.860450,9.262700,-6.0621,staged_confirmation
4096,4096,4096,fp16,20,3,8.858350,8.446650,-4.6476,staged_confirmation
4096,4096,4096,fp16,20,4,8.671600,8.541000,-1.5061,staged_confirmation
4096,4096,4096,fp16,20,5,8.787500,8.588150,-2.2686,staged_confirmation
4096,4096,4096,fp16,20,6,8.760050,8.583050,-2.0205,staged_confirmation
4096,4096,4096,fp16,20,7,8.831300,8.408400,-4.7886,staged_confirmation
4096,4096,4096,fp16,20,8,8.721000,8.703850,-0.1967,staged_confirmation
4096,4096,4096,fp16,20,9,8.519600,8.749850,2.7026,staged_confirmation
4096,4096,4096,fp16,20,10,8.707300,8.465550,-2.7764,staged_confirmation
4096,4096,4096,fp16,20,11,8.891700,8.579050,-3.5162,staged_confirmation
4096,4096,4096,fp16,20,12,8.835200,8.706450,-1.4572,staged_confirmation
4096,4096,4096,fp16,20,13,8.810750,8.684600,-1.4318,staged_confirmation
4096,4096,4096,fp16,20,14,8.600850,8.454650,-1.6998,staged_confirmation
4096,4096,4096,fp16,20,15,8.677850,8.631100,-0.5387,staged_confirmation
4096,4096,4096,fp16,20,16,8.744600,8.515300,-2.6222,staged_confirmation
4096,4096,4096,fp16,20,17,8.953600,8.454450,-5.5749,staged_confirmation
4096,4096,4096,fp16,20,18,8.533400,8.645250,1.3107,staged_confirmation
4096,4096,4096,fp16,20,19,8.854900,8.576300,-3.1463,staged_confirmation
4096,4096,4096,fp16,20,20,8.590250,8.527100,-0.7351,staged_confirmation
4096,4096,4096,fp16,20,21,8.634400,8.451000,-2.1241,staged_confirmation
4096,4096,4096,fp16,20,22,8.771750,8.598900,-1.9705,staged_confirmation
4096,4096,4096,fp16,20,23,8.666200,8.397800,-3.0971,staged_confirmation
4096,4096,4096,fp16,20,24,8.644850,8.675700,0.3569,staged_confirmation
4096,4096,4096,fp16,20,25,8.936250,8.678000,-2.8899,staged_confirmation
4096,4096,4096,fp16,20,26,8.609300,8.467500,-1.6471,staged_confirmation
4096,4096,4096,fp16,20,27,8.920150,8.654400,-2.9792,staged_confirmation
4096,4096,4096,fp16,20,28,8.522800,8.585500,0.7357,staged_confirmation
4096,4096,4096,fp16,20,29,8.649950,8.559350,-1.0474,staged_confirmation
4096,4096,4096,fp16,20,30,8.636550,8.631750,-0.0556,staged_confirmation
4096,4096,4096,fp16,20,31,8.888550,8.539650,-3.9253,staged_confirmation
4096,4096,4096,fp16,20,32,8.678450,8.510750,-1.9324,staged_confirmation
4096,4096,4096,fp16,20,33,8.703950,8.621300,-0.9496,staged_confirmation
4096,4096,4096,fp16,20,34,8.695050,8.481550,-2.4554,staged_confirmation
4096,4096,4096,fp16,20,35,8.636500,8.584350,-0.6038,staged_confirmation
4096,4096,4096,fp16,20,36,8.739100,8.604650,-1.5385,staged_confirmation
4096,4096,4096,fp16,20,37,8.624050,8.593700,-0.3519,staged_confirmation
4096,4096,4096,fp16,20,38,8.769200,8.499800,-3.0721,staged_confirmation
4096,4096,4096,fp16,20,39,8.741000,8.594400,-1.6772,staged_confirmation
4096,4096,4096,fp16,20,40,8.837450,8.619850,-2.4622,staged_confirmation
4096,4096,4096,fp16,20,41,8.672400,8.492600,-2.0732,staged_confirmation
4096,4096,4096,fp16,20,42,8.784250,8.475950,-3.5097,staged_confirmation
4096,4096,4096,fp16,20,43,8.740650,8.562200,-2.0416,staged_confirmation
4096,4096,4096,fp16,20,44,8.832050,8.355100,-5.4002,staged_confirmation
4096,4096,4096,fp16,20,45,8.592100,8.602500,0.1210,staged_confirmation
4096,4096,4096,fp16,20,46,8.718250,8.778250,0.6882,staged_confirmation
4096,4096,4096,fp16,20,47,8.770700,8.586900,-2.0956,staged_confirmation
4096,4096,4096,fp16,20,48,8.795600,8.529150,-3.0294,staged_confirmation
4096,4096,4096,fp16,20,49,8.967700,8.522800,-4.9611,staged_confirmation
4096,4096,4096,fp16,20,50,8.636500,8.513450,-1.4248,staged_confirmation
1024,1024,1024,fp16,50,0,0.664740,0.564900,-15.0194,direct_primary
1024,1024,1024,fp16,50,1,0.416780,0.456980,9.6454,direct_primary
1024,1024,1024,fp16,50,2,0.394780,0.369860,-6.3124,direct_primary
1024,1024,1024,fp16,50,3,0.373080,0.368900,-1.1204,direct_primary
1024,1024,1024,fp16,50,4,0.383940,0.369640,-3.7245,direct_primary
1024,1024,1024,fp16,50,5,0.381840,0.369760,-3.1636,direct_primary
1024,1024,1024,fp16,50,6,0.382200,0.368680,-3.5374,direct_primary
1024,1024,1024,fp16,50,7,0.379040,0.372720,-1.6674,direct_primary
1024,1024,1024,fp16,50,8,0.383900,0.367340,-4.3136,direct_primary
1024,1024,1024,fp16,50,9,0.380620,0.372580,-2.1123,direct_primary
1024,1024,1024,fp16,50,10,0.377360,0.369140,-2.1783,direct_primary
1024,1024,1024,fp16,50,11,0.384100,0.374020,-2.6243,direct_primary
1024,1024,1024,fp16,50,12,0.378700,0.370980,-2.0385,direct_primary
1024,1024,1024,fp16,50,13,0.381280,0.370680,-2.7801,direct_primary
1024,1024,1024,fp16,50,14,0.378220,0.372540,-1.5018,direct_primary
1024,1024,1024,fp16,50,15,0.377700,0.371280,-1.6998,direct_primary
1024,1024,1024,fp16,50,16,0.381920,0.374060,-2.0580,direct_primary
1024,1024,1024,fp16,50,17,0.381240,0.370760,-2.7489,direct_primary
1024,1024,1024,fp16,50,18,0.382240,0.369600,-3.3068,direct_primary
1024,1024,1024,fp16,50,19,0.381720,0.371000,-2.8083,direct_primary
1024,1024,1024,fp16,50,20,0.382000,0.369680,-3.2251,direct_primary
1024,1024,1024,fp16,50,21,0.383860,0.371700,-3.1678,direct_primary
1024,1024,1024,fp16,50,22,0.385160,0.374560,-2.7521,direct_primary
1024,1024,1024,fp16,50,23,0.383360,0.370400,-3.3806,direct_primary
1024,1024,1024,fp16,50,24,0.380840,0.370900,-2.6100,direct_primary
1024,1024,1024,fp16,50,25,0.381460,0.371180,-2.6949,direct_primary
1024,1024,1024,fp16,50,26,0.379960,0.384880,1.2949,direct_primary
1024,1024,1024,fp16,50,27,0.383060,0.464060,21.1455,direct_primary
1024,1024,1024,fp16,50,28,0.382100,0.372880,-2.4130,direct_primary
1024,1024,1024,fp16,50,29,0.384180,0.374620,-2.4884,direct_primary
1024,1024,1024,fp16,50,30,0.381160,0.377480,-0.9655,direct_primary
1024,1024,1024,fp16,50,31,0.383180,0.368060,-3.9459,direct_primary
1024,1024,1024,fp16,50,32,0.383140,0.373980,-2.3908,direct_primary
1024,1024,1024,fp16,50,33,0.382720,0.373920,-2.2993,direct_primary
1024,1024,1024,fp16,50,34,0.383980,0.371380,-3.2814,direct_primary
1024,1024,1024,fp16,50,35,0.382800,0.372160,-2.7795,direct_primary
1024,1024,1024,fp16,50,36,0.385580,0.372880,-3.2937,direct_primary
1024,1024,1024,fp16,50,37,0.385460,0.374620,-2.8122,direct_primary
1024,1024,1024,fp16,50,38,0.384300,0.366360,-4.6682,direct_primary
1024,1024,1024,fp16,50,39,0.385660,0.369440,-4.2058,direct_primary
1024,1024,1024,fp16,50,40,0.384200,0.368800,-4.0083,direct_primary
1024,1024,1024,fp16,50,41,0.383920,0.375820,-2.1098,direct_primary
1024,1024,1024,fp16,50,42,0.386520,0.370900,-4.0412,direct_primary
1024,1024,1024,fp16,50,43,0.382780,0.377580,-1.3585,direct_primary
1024,1024,1024,fp16,50,44,0.384100,0.376580,-1.9578,direct_primary
1024,1024,1024,fp16,50,45,0.385800,0.377560,-2.1358,direct_primary
1024,1024,1024,fp16,50,46,0.386600,0.360760,-6.6839,direct_primary
1024,1024,1024,fp16,50,47,0.380200,0.350360,-7.8485,direct_primary
1024,1024,1024,fp16,50,48,0.386520,0.376520,-2.5872,direct_primary
1024,1024,1024,fp16,50,49,0.383000,0.373340,-2.5222,direct_primary
1024,1024,1024,fp16,50,50,0.382180,0.376100,-1.5909,direct_primary
1024,1024,1024,fp16,50,51,0.381940,0.375380,-1.7176,direct_primary
1024,1024,1024,fp16,50,52,0.374540,0.368480,-1.6180,direct_primary
1024,1024,1024,fp16,50,53,0.377640,0.376440,-0.3178,direct_primary
1024,1024,1024,fp16,50,54,0.371820,0.348540,-6.2611,direct_primary
1024,1024,1024,fp16,50,55,0.360840,0.348940,-3.2979,direct_primary
1024,1024,1024,fp16,50,56,0.361720,0.348660,-3.6105,direct_primary
1024,1024,1024,fp16,50,57,0.387380,0.358820,-7.3726,direct_primary
1024,1024,1024,fp16,50,58,0.385180,0.376660,-2.2120,direct_primary
1024,1024,1024,fp16,50,59,0.385760,0.375960,-2.5404,direct_primary
1024,1024,1024,fp16,50,60,0.386320,0.375120,-2.8991,direct_primary
1024,1024,1024,fp16,50,61,0.386660,0.374280,-3.2018,direct_primary
1024,1024,1024,fp16,50,62,0.382400,0.376900,-1.4383,direct_primary
1024,1024,1024,fp16,50,63,0.385580,0.376480,-2.3601,direct_primary
1024,1024,1024,fp16,50,64,0.379440,0.368940,-2.7672,direct_primary
1024,1024,1024,fp16,50,65,0.382860,0.377540,-1.3895,direct_primary
1024,1024,1024,fp16,50,66,0.383780,0.375100,-2.2617,direct_primary
1024,1024,1024,fp16,50,67,0.381160,0.374140,-1.8417,direct_primary
1024,1024,1024,fp16,50,68,0.385020,0.374080,-2.8414,direct_primary
1024,1024,1024,fp16,50,69,0.381480,0.373360,-2.1286,direct_primary
1024,1024,1024,fp16,50,70,0.386220,0.372420,-3.5731,direct_primary
1024,1024,1024,fp16,50,71,0.386300,0.375920,-2.6870,direct_primary
1024,1024,1024,fp16,50,72,0.383040,0.374060,-2.3444,direct_primary
1024,1024,1024,fp16,50,73,0.383480,0.375280,-2.1383,direct_primary
1024,1024,1024,fp16,50,74,0.384460,0.373020,-2.9756,direct_primary
1024,1024,1024,fp16,50,75,0.382820,0.377880,-1.2904,direct_primary
1024,1024,1024,fp16,50,76,0.384340,0.373480,-2.8256,direct_primary
1024,1024,1024,fp16,50,77,0.385280,0.377320,-2.0660,direct_primary
1024,1024,1024,fp16,50,78,0.386000,0.377060,-2.3161,direct_primary
1024,1024,1024,fp16,50,79,0.384380,0.373540,-2.8201,direct_primary
1024,1024,1024,fp16,50,80,0.382560,0.374540,-2.0964,direct_primary
1024,1024,1024,fp16,50,81,0.385720,0.372900,-3.3237,direct_primary
1024,1024,1024,fp16,50,82,0.384820,0.377320,-1.9490,direct_primary
1024,1024,1024,fp16,50,83,0.384220,0.376740,-1.9468,direct_primary
1024,1024,1024,fp16,50,84,0.384260,0.373280,-2.8574,direct_primary
1024,1024,1024,fp16,50,85,0.385340,0.375120,-2.6522,direct_primary
1024,1024,1024,fp16,50,86,0.384620,0.373180,-2.9744,direct_primary
1024,1024,1024,fp16,50,87,0.384520,0.372740,-3.0636,direct_primary
1024,1024,1024,fp16,50,88,0.386220,0.374000,-3.1640,direct_primary
1024,1024,1024,fp16,50,89,0.382880,0.376400,-1.6924,direct_primary
1024,1024,1024,fp16,50,90,0.382080,0.371020,-2.8947,direct_primary
1024,1024,1024,fp16,50,91,0.386060,0.377640,-2.1810,direct_primary
1024,1024,1024,fp16,50,92,0.383200,0.375060,-2.1242,direct_primary
1024,1024,1024,fp16,50,93,0.383580,0.374880,-2.2681,direct_primary
1024,1024,1024,fp16,50,94,0.382540,0.373040,-2.4834,direct_primary
1024,1024,1024,fp16,50,95,0.384260,0.372920,-2.9511,direct_primary
1024,1024,1024,fp16,50,96,0.384260,0.376280,-2.0767,direct_primary
1024,1024,1024,fp16,50,97,0.384860,0.374060,-2.8062,direct_primary
1024,1024,1024,fp16,50,98,0.383340,0.375460,-2.0556,direct_primary
1024,1024,1024,fp16,50,99,0.384120,0.375740,-2.1816,direct_primary
1024,1024,1024,fp16,50,100,0.387360,0.371760,-4.0273,direct_primary
1024,1024,1024,fp16,50,101,0.383700,0.374320,-2.4446,direct_primary
1024,1024,1024,fp16,50,102,0.383120,0.375440,-2.0046,direct_primary
1024,1024,1024,fp16,50,103,0.383500,0.371680,-3.0821,direct_primary
1024,1024,1024,fp16,50,104,0.388520,0.375960,-3.2328,direct_primary
1024,1024,1024,fp16,50,105,0.382180,0.373500,-2.2712,direct_primary
1024,1024,1024,fp16,50,106,0.387040,0.376660,-2.6819,direct_primary
1024,1024,1024,fp16,50,107,0.383120,0.376320,-1.7749,direct_primary
1024,1024,1024,fp16,50,108,0.385360,0.373620,-3.0465,direct_primary
1024,1024,1024,fp16,50,109,0.383980,0.373340,-2.7710,direct_primary
1024,1024,1024,fp16,50,110,0.385300,0.374400,-2.8290,direct_primary
1024,1024,1024,fp16,50,111,0.384740,0.370080,-3.8104,direct_primary
1024,1024,1024,fp16,50,112,0.383780,0.369440,-3.7365,direct_primary
1024,1024,1024,fp16,50,113,0.383880,0.370100,-3.5897,direct_primary
1024,1024,1024,fp16,50,114,0.384120,0.374680,-2.4576,direct_primary
1024,1024,1024,fp16,50,115,0.382000,0.378640,-0.8796,direct_primary
1024,1024,1024,fp16,50,116,0.385260,0.373860,-2.9590,direct_primary
1024,1024,1024,fp16,50,117,0.386440,0.378780,-1.9822,direct_primary
1024,1024,1024,fp16,50,118,0.388880,0.372980,-4.0887,direct_primary
1024,1024,1024,fp16,50,119,0.383560,0.373740,-2.5602,direct_primary
1024,1024,1024,fp16,50,120,0.388720,0.378120,-2.7269,direct_primary
1024,1024,1024,fp16,50,121,0.383340,0.373280,-2.6243,direct_primary
1024,1024,1024,fp16,50,122,0.385680,0.374200,-2.9766,direct_primary
1024,1024,1024,fp16,50,123,0.382480,0.372380,-2.6407,direct_primary
1024,1024,1024,fp16,50,124,0.386180,0.371080,-3.9101,direct_primary
1024,1024,1024,fp16,50,125,0.383480,0.376500,-1.8202,direct_primary
1024,1024,1024,fp16,50,126,0.383320,0.377840,-1.4296,direct_primary
1024,1024,1024,fp16,50,127,0.383940,0.376040,-2.0576,direct_primary
1024,1024,1024,fp16,50,128,0.386120,0.370160,-4.1334,direct_primary
1024,1024,1024,fp16,50,129,0.385400,0.371540,-3.5963,direct_primary
1024,1024,1024,fp16,50,130,0.382700,0.372780,-2.5921,direct_primary
1024,1024,1024,fp16,50,131,0.385720,0.376860,-2.2970,direct_primary
1024,1024,1024,fp16,50,132,0.384980,0.375760,-2.3949,direct_primary
1024,1024,1024,fp16,50,133,0.384840,0.373880,-2.8479,direct_primary
1024,1024,1024,fp16,50,134,0.383460,0.373580,-2.5765,direct_primary
1024,1024,1024,fp16,50,135,0.382060,0.378920,-0.8219,direct_primary
1024,1024,1024,fp16,50,136,0.384980,0.374280,-2.7794,direct_primary
1024,1024,1024,fp16,50,137,0.381580,0.374220,-1.9288,direct_primary
1024,1024,1024,fp16,50,138,0.386600,0.372820,-3.5644,direct_primary
1024,1024,1024,fp16,50,139,0.386620,0.374520,-3.1297,direct_primary
1024,1024,1024,fp16,50,140,0.383700,0.374840,-2.3091,direct_primary
1024,1024,1024,fp16,50,141,0.386560,0.371760,-3.8286,direct_primary
1024,1024,1024,fp16,50,142,0.381560,0.375860,-1.4939,direct_primary
1024,1024,1024,fp16,50,143,0.389000,0.374640,-3.6915,direct_primary
1024,1024,1024,fp16,50,144,0.385780,0.375880,-2.5662,direct_primary
1024,1024,1024,fp16,50,145,0.381720,0.371280,-2.7350,direct_primary
1024,1024,1024,fp16,50,146,0.384720,0.373760,-2.8488,direct_primary
1024,1024,1024,fp16,50,147,0.386560,0.374720,-3.0629,direct_primary
1024,1024,1024,fp16,50,148,0.386740,0.374720,-3.1080,direct_primary
1024,1024,1024,fp16,50,149,0.385340,0.379080,-1.6245,direct_primary
1024,1024,1024,fp16,50,150,0.389440,0.369720,-5.0637,direct_primary
1024,1024,1024,fp16,50,151,0.382640,0.373120,-2.4880,direct_primary
1024,1024,1024,fp16,50,152,0.380120,0.373560,-1.7258,direct_primary
1024,1024,1024,fp16,50,153,0.386980,0.371880,-3.9020,direct_primary
1024,1024,1024,fp16,50,154,0.386160,0.376960,-2.3824,direct_primary
1024,1024,1024,fp16,50,155,0.384040,0.375020,-2.3487,direct_primary
1024,1024,1024,fp16,50,156,0.382500,0.377300,-1.3595,direct_primary
1024,1024,1024,fp16,50,157,0.385120,0.377880,-1.8799,direct_primary
1024,1024,1024,fp16,50,158,0.386480,0.375100,-2.9445,direct_primary
1024,1024,1024,fp16,50,159,0.382860,0.377560,-1.3843,direct_primary
1024,1024,1024,fp16,50,160,0.385620,0.372120,-3.5009,direct_primary
1024,1024,1024,fp16,50,161,0.384060,0.371560,-3.2547,direct_primary
1024,1024,1024,fp16,50,162,0.382820,0.372940,-2.5808,direct_primary
1024,1024,1024,fp16,50,163,0.382900,0.370860,-3.1444,direct_primary
1024,1024,1024,fp16,50,164,0.379400,0.370700,-2.2931,direct_primary
1024,1024,1024,fp16,50,165,0.385700,0.369240,-4.2676,direct_primary
1024,1024,1024,fp16,50,166,0.383060,0.373860,-2.4017,direct_primary
1024,1024,1024,fp16,50,167,0.383240,0.374680,-2.2336,direct_primary
1024,1024,1024,fp16,50,168,0.382880,0.375920,-1.8178,direct_primary
1024,1024,1024,fp16,50,169,0.382220,0.375380,-1.7895,direct_primary
1024,1024,1024,fp16,50,170,0.384360,0.374140,-2.6590,direct_primary
1024,1024,1024,fp16,50,171,0.383360,0.372260,-2.8954,direct_primary
1024,1024,1024,fp16,50,172,0.380760,0.372840,-2.0801,direct_primary
1024,1024,1024,fp16,50,173,0.387700,0.375220,-3.2190,direct_primary
1024,1024,1024,fp16,50,174,0.384780,0.377460,-1.9024,direct_primary
1024,1024,1024,fp16,50,175,0.384120,0.372380,-3.0563,direct_primary
1024,1024,1024,fp16,50,176,0.387220,0.375220,-3.0990,direct_primary
1024,1024,1024,fp16,50,177,0.384980,0.381360,-0.9403,direct_primary
1024,1024,1024,fp16,50,178,0.386720,0.375260,-2.9634,direct_primary
1024,1024,1024,fp16,50,179,0.376920,0.372380,-1.2045,direct_primary
1024,1024,1024,fp16,50,180,0.381380,0.376960,-1.1589,direct_primary
1024,1024,1024,fp16,50,181,0.378560,0.373800,-1.2574,direct_primary
1024,1024,1024,fp16,50,182,0.385300,0.372660,-3.2806,direct_primary
1024,1024,1024,fp16,50,183,0.384560,0.374940,-2.5016,direct_primary
1024,1024,1024,fp16,50,184,0.387420,0.372940,-3.7375,direct_primary
1024,1024,1024,fp16,50,185,0.385420,0.375240,-2.6413,direct_primary
1024,1024,1024,fp16,50,186,0.382920,0.374660,-2.1571,direct_primary
1024,1024,1024,fp16,50,187,0.385240,0.373320,-3.0942,direct_primary
1024,1024,1024,fp16,50,188,0.384840,0.373700,-2.8947,direct_primary
1024,1024,1024,fp16,50,189,0.382600,0.373780,-2.3053,direct_primary
1024,1024,1024,fp16,50,190,0.386040,0.372800,-3.4297,direct_primary
1024,1024,1024,fp16,50,191,0.382400,0.376300,-1.5952,direct_primary
1024,1024,1024,fp16,50,192,0.383180,0.372260,-2.8498,direct_primary
1024,1024,1024,fp16,50,193,0.383680,0.372560,-2.8982,direct_primary
1024,1024,1024,fp16,50,194,0.387600,0.371160,-4.2415,direct_primary
1024,1024,1024,fp16,50,195,0.383980,0.373600,-2.7033,direct_primary
1024,1024,1024,fp16,50,196,0.385020,0.368320,-4.3374,direct_primary
1024,1024,1024,fp16,50,197,0.385180,0.372880,-3.1933,direct_primary
1024,1024,1024,fp16,50,198,0.386180,0.374020,-3.1488,direct_primary
1024,1024,1024,fp16,50,199,0.383220,0.373780,-2.4633,direct_primary
1024,1024,1024,fp16,50,200,0.382720,0.373380,-2.4404,direct_primary
1024,1024,1024,fp16,50,201,0.386000,0.374640,-2.9430,direct_primary
1024,1024,1024,fp16,50,202,0.383200,0.372880,-2.6931,direct_primary
1024,1024,1024,fp16,50,203,0.378960,0.373560,-1.4250,direct_primary
1024,1024,1024,fp16,50,204,0.387760,0.373780,-3.6053,direct_primary
1024,1024,1024,fp16,50,205,0.386660,0.376800,-2.5500,direct_primary
1024,1024,1024,fp16,50,206,0.384080,0.371560,-3.2597,direct_primary
1024,1024,1024,fp16,50,207,0.384660,0.374020,-2.7661,direct_primary
1024,1024,1024,fp16,50,208,0.384840,0.375820,-2.3438,direct_primary
1024,1024,1024,fp16,50,209,0.382500,0.377080,-1.4170,direct_primary
1024,1024,1024,fp16,50,210,0.384640,0.373840,-2.8078,direct_primary
1024,1024,1024,fp16,50,211,0.383600,0.375300,-2.1637,direct_primary
1024,1024,1024,fp16,50,212,0.383100,0.372340,-2.8087,direct_primary
1024,1024,1024,fp16,50,213,0.385800,0.376260,-2.4728,direct_primary
1024,1024,1024,fp16,50,214,0.385780,0.375960,-2.5455,direct_primary
1024,1024,1024,fp16,50,215,0.385620,0.375660,-2.5829,direct_primary
1024,1024,1024,fp16,50,216,0.388440,0.374680,-3.5424,direct_primary
1024,1024,1024,fp16,50,217,0.385660,0.372280,-3.4694,direct_primary
1024,1024,1024,fp16,50,218,0.383680,0.374500,-2.3926,direct_primary
1024,1024,1024,fp16,50,219,0.382980,0.371740,-2.9349,direct_primary
1024,1024,1024,fp16,50,220,0.384040,0.372900,-2.9007,direct_primary
1024,1024,1024,fp16,50,221,0.384320,0.371400,-3.3618,direct_primary
1024,1024,1024,fp16,50,222,0.381420,0.372380,-2.3701,direct_primary
1024,1024,1024,fp16,50,223,0.384360,0.369260,-3.9286,direct_primary
1024,1024,1024,fp16,50,224,0.384660,0.373280,-2.9585,direct_primary
1024,1024,1024,fp16,50,225,0.385900,0.374620,-2.9230,direct_primary
1024,1024,1024,fp16,50,226,0.383660,0.371680,-3.1226,direct_primary
1024,1024,1024,fp16,50,227,0.386100,0.376020,-2.6107,direct_primary
1024,1024,1024,fp16,50,228,0.381620,0.376060,-1.4569,direct_primary
1024,1024,1024,fp16,50,229,0.385220,0.372500,-3.3020,direct_primary
1024,1024,1024,fp16,50,230,0.383400,0.374140,-2.4152,direct_primary
1024,1024,1024,fp16,50,231,0.385640,0.374160,-2.9769,direct_primary
1024,1024,1024,fp16,50,232,0.387220,0.374600,-3.2591,direct_primary
1024,1024,1024,fp16,50,233,0.383120,0.372660,-2.7302,direct_primary
1024,1024,1024,fp16,50,234,0.385840,0.374100,-3.0427,direct_primary
1024,1024,1024,fp16,50,235,0.573840,0.380640,-33.6679,direct_primary
1024,1024,1024,fp16,50,236,0.567540,0.558660,-1.5646,direct_primary
1024,1024,1024,fp16,50,237,0.382480,0.564140,47.4953,direct_primary
1024,1024,1024,fp16,50,238,0.384340,0.373580,-2.7996,direct_primary
1024,1024,1024,fp16,50,239,0.383940,0.374600,-2.4327,direct_primary
1024,1024,1024,fp16,50,240,0.382140,0.373840,-2.1720,direct_primary
1024,1024,1024,fp16,50,241,0.384600,0.370560,-3.6505,direct_primary
1024,1024,1024,fp16,50,242,0.381780,0.370520,-2.9493,direct_primary
1024,1024,1024,fp16,50,243,0.382660,0.372320,-2.7021,direct_primary
1024,1024,1024,fp16,50,244,0.384240,0.372380,-3.0866,direct_primary
1024,1024,1024,fp16,50,245,0.383940,0.372520,-2.9744,direct_primary
1024,1024,1024,fp16,50,246,0.367780,0.361840,-1.6151,direct_primary
1024,1024,1024,fp16,50,247,0.382040,0.371320,-2.8060,direct_primary
1024,1024,1024,fp16,50,248,0.383440,0.373880,-2.4932,direct_primary
1024,1024,1024,fp16,50,249,0.379780,0.374600,-1.3639,direct_primary
1024,1024,1024,fp16,50,250,0.379540,0.369840,-2.5557,direct_primary
1024,1024,1024,fp16,50,251,0.384420,0.371980,-3.2360,direct_primary
1024,1024,1024,fp16,50,252,0.382720,0.372660,-2.6286,direct_primary
1024,1024,1024,fp16,50,253,0.382280,0.368300,-3.6570,direct_primary
1024,1024,1024,fp16,50,254,0.381900,0.368980,-3.3831,direct_primary
1024,1024,1024,fp16,50,255,0.381840,0.370100,-3.0746,direct_primary
1024,1024,1024,fp16,50,256,0.383700,0.370240,-3.5080,direct_primary
1024,1024,1024,fp16,50,257,0.380940,0.368460,-3.2761,direct_primary
1024,1024,1024,fp16,50,258,0.382100,0.369620,-3.2662,direct_primary
1024,1024,1024,fp16,50,259,0.378700,0.371080,-2.0121,direct_primary
1024,1024,1024,fp16,50,260,0.382700,0.353820,-7.5464,direct_primary
1024,1024,1024,fp16,50,261,0.382700,0.372100,-2.7698,direct_primary
1024,1024,1024,fp16,50,262,0.379180,0.373180,-1.5824,direct_primary
1024,1024,1024,fp16,50,263,0.382580,0.372320,-2.6818,direct_primary
1024,1024,1024,fp16,50,264,0.381720,0.374060,-2.0067,direct_primary
1024,1024,1024,fp16,50,265,0.381920,0.369280,-3.3096,direct_primary
1024,1024,1024,fp16,50,266,0.381100,0.370240,-2.8496,direct_primary
1024,1024,1024,fp16,50,267,0.378360,0.370000,-2.2095,direct_primary
1024,1024,1024,fp16,50,268,0.382500,0.372260,-2.6771,direct_primary
1024,1024,1024,fp16,50,269,0.382980,0.371380,-3.0289,direct_primary
1024,1024,1024,fp16,50,270,0.384200,0.372980,-2.9204,direct_primary
1024,1024,1024,fp16,50,271,0.380040,0.370440,-2.5261,direct_primary
1024,1024,1024,fp16,50,272,0.384620,0.371200,-3.4892,direct_primary
1024,1024,1024,fp16,50,273,0.377800,0.368560,-2.4457,direct_primary
1024,1024,1024,fp16,50,274,0.383320,0.372360,-2.8592,direct_primary
1024,1024,1024,fp16,50,275,0.383960,0.369160,-3.8546,direct_primary
1024,1024,1024,fp16,50,276,0.384300,0.371440,-3.3463,direct_primary
1024,1024,1024,fp16,50,277,0.384340,0.369260,-3.9236,direct_primary
1024,1024,1024,fp16,50,278,0.382120,0.368920,-3.4544,direct_primary
1024,1024,1024,fp16,50,279,0.385160,0.371340,-3.5881,direct_primary
1024,1024,1024,fp16,50,280,0.382020,0.372920,-2.3821,direct_primary
1024,1024,1024,fp16,50,281,0.385460,0.370040,-4.0004,direct_primary
1024,1024,1024,fp16,50,282,0.382640,0.367580,-3.9358,direct_primary
1024,1024,1024,fp16,50,283,0.383820,0.371360,-3.2463,direct_primary
1024,1024,1024,fp16,50,284,0.382620,0.371760,-2.8383,direct_primary
1024,1024,1024,fp16,50,285,0.397540,0.370620,-6.7716,direct_primary
1024,1024,1024,fp16,50,286,0.389000,0.375840,-3.3830,direct_primary
1024,1024,1024,fp16,50,287,0.381860,0.367060,-3.8758,direct_primary
1024,1024,1024,fp16,50,288,0.379660,0.371820,-2.0650,direct_primary
1024,1024,1024,fp16,50,289,0.378760,0.367800,-2.8937,direct_primary
1024,1024,1024,fp16,50,290,0.379640,0.368560,-2.9186,direct_primary
1024,1024,1024,fp16,50,291,0.382060,0.371900,-2.6593,direct_primary
1024,1024,1024,fp16,50,292,0.381780,0.367960,-3.6199,direct_primary
1024,1024,1024,fp16,50,293,0.382520,0.370680,-3.0953,direct_primary
1024,1024,1024,fp16,50,294,0.381020,0.368640,-3.2492,direct_primary
1024,1024,1024,fp16,50,295,0.383480,0.369540,-3.6351,direct_primary
1024,1024,1024,fp16,50,296,0.378840,0.371860,-1.8425,direct_primary
1024,1024,1024,fp16,50,297,0.378580,0.363460,-3.9939,direct_primary
1024,1024,1024,fp16,50,298,0.379400,0.363300,-4.2435,direct_primary
1024,1024,1024,fp16,50,299,0.374980,0.366140,-2.3575,direct_primary
1024,1024,1024,fp16,50,300,0.377120,0.366980,-2.6888,direct_primary
2048,2048,2048,fp16,20,0,1.729150,1.267750,-26.6836,direct_primary
2048,2048,2048,fp16,20,1,1.224900,1.219500,-0.4409,direct_primary
2048,2048,2048,fp16,20,2,1.234200,1.214600,-1.5881,direct_primary
2048,2048,2048,fp16,20,3,1.538400,1.222350,-20.5441,direct_primary
2048,2048,2048,fp16,20,4,1.244350,1.217550,-2.1537,direct_primary
2048,2048,2048,fp16,20,5,1.497850,1.228550,-17.9791,direct_primary
2048,2048,2048,fp16,20,6,1.285400,1.212850,-5.6442,direct_primary
2048,2048,2048,fp16,20,7,1.234500,1.222450,-0.9761,direct_primary
2048,2048,2048,fp16,20,8,1.232750,1.217250,-1.2574,direct_primary
2048,2048,2048,fp16,20,9,1.229450,1.212500,-1.3787,direct_primary
2048,2048,2048,fp16,20,10,1.569250,1.213450,-22.6733,direct_primary
2048,2048,2048,fp16,20,11,1.223450,1.222600,-0.0695,direct_primary
2048,2048,2048,fp16,20,12,1.230250,1.211800,-1.4997,direct_primary
2048,2048,2048,fp16,20,13,1.221850,1.210950,-0.8921,direct_primary
2048,2048,2048,fp16,20,14,1.224850,1.217300,-0.6164,direct_primary
2048,2048,2048,fp16,20,15,1.447150,1.343700,-7.1485,direct_primary
2048,2048,2048,fp16,20,16,1.231400,1.208150,-1.8881,direct_primary
2048,2048,2048,fp16,20,17,1.224250,1.219650,-0.3757,direct_primary
2048,2048,2048,fp16,20,18,1.231000,1.219550,-0.9301,direct_primary
2048,2048,2048,fp16,20,19,1.226800,1.212950,-1.1290,direct_primary
2048,2048,2048,fp16,20,20,1.228000,1.218550,-0.7695,direct_primary
2048,2048,2048,fp16,20,21,1.227400,1.547850,26.1080,direct_primary
2048,2048,2048,fp16,20,22,1.221200,1.219200,-0.1638,direct_primary
2048,2048,2048,fp16,20,23,1.222200,1.204600,-1.4400,direct_primary
2048,2048,2048,fp16,20,24,1.232650,1.202800,-2.4216,direct_primary
2048,2048,2048,fp16,20,25,1.385350,1.377900,-0.5378,direct_primary
2048,2048,2048,fp16,20,26,1.224900,1.208350,-1.3511,direct_primary
2048,2048,2048,fp16,20,27,1.222500,1.210400,-0.9898,direct_primary
2048,2048,2048,fp16,20,28,1.222550,1.214000,-0.6994,direct_primary
2048,2048,2048,fp16,20,29,1.209750,1.209750,0.0000,direct_primary
2048,2048,2048,fp16,20,30,1.200550,1.206050,0.4581,direct_primary
2048,2048,2048,fp16,20,31,1.569000,1.214750,-22.5781,direct_primary
2048,2048,2048,fp16,20,32,1.227100,1.214350,-1.0390,direct_primary
2048,2048,2048,fp16,20,33,1.570650,1.215200,-22.6308,direct_primary
2048,2048,2048,fp16,20,34,1.222450,1.220900,-0.1268,direct_primary
2048,2048,2048,fp16,20,35,1.225050,1.219050,-0.4898,direct_primary
2048,2048,2048,fp16,20,36,1.225150,1.207950,-1.4039,direct_primary
2048,2048,2048,fp16,20,37,1.582450,1.227400,-22.4367,direct_primary
2048,2048,2048,fp16,20,38,1.231450,1.210550,-1.6972,direct_primary
2048,2048,2048,fp16,20,39,1.225100,1.215650,-0.7714,direct_primary
2048,2048,2048,fp16,20,40,1.230850,1.213400,-1.4177,direct_primary
2048,2048,2048,fp16,20,41,1.576050,1.216750,-22.7975,direct_primary
2048,2048,2048,fp16,20,42,1.219300,1.208650,-0.8735,direct_primary
2048,2048,2048,fp16,20,43,1.221200,1.211800,-0.7697,direct_primary
2048,2048,2048,fp16,20,44,1.219900,1.214750,-0.4222,direct_primary
2048,2048,2048,fp16,20,45,1.569650,1.205500,-23.1994,direct_primary
2048,2048,2048,fp16,20,46,1.218050,1.214250,-0.3120,direct_primary
2048,2048,2048,fp16,20,47,1.216700,1.234700,1.4794,direct_primary
2048,2048,2048,fp16,20,48,1.227400,1.474750,20.1524,direct_primary
2048,2048,2048,fp16,20,49,1.231250,1.270300,3.1716,direct_primary
2048,2048,2048,fp16,20,50,1.234450,1.213450,-1.7012,direct_primary
2048,2048,2048,fp16,20,51,1.575350,1.222900,-22.3728,direct_primary
2048,2048,2048,fp16,20,52,1.225550,1.214400,-0.9098,direct_primary
2048,2048,2048,fp16,20,53,1.562800,1.216650,-22.1493,direct_primary
2048,2048,2048,fp16,20,54,1.228950,1.210700,-1.4850,direct_primary
2048,2048,2048,fp16,20,55,1.230150,1.216350,-1.1218,direct_primary
2048,2048,2048,fp16,20,56,1.219450,1.299200,6.5398,direct_primary
2048,2048,2048,fp16,20,57,1.228450,1.452700,18.2547,direct_primary
2048,2048,2048,fp16,20,58,1.221550,1.440150,17.8953,direct_primary
2048,2048,2048,fp16,20,59,1.225800,1.317200,7.4564,direct_primary
2048,2048,2048,fp16,20,60,1.230500,1.204600,-2.1048,direct_primary
2048,2048,2048,fp16,20,61,1.228700,1.221600,-0.5778,direct_primary
2048,2048,2048,fp16,20,62,1.251950,1.518450,21.2868,direct_primary
2048,2048,2048,fp16,20,63,1.224750,1.215050,-0.7920,direct_primary
2048,2048,2048,fp16,20,64,1.229550,1.208050,-1.7486,direct_primary
2048,2048,2048,fp16,20,65,1.425350,1.347350,-5.4723,direct_primary
2048,2048,2048,fp16,20,66,1.214500,1.220200,0.4693,direct_primary
2048,2048,2048,fp16,20,67,1.539600,1.214400,-21.1224,direct_primary
2048,2048,2048,fp16,20,68,1.218100,1.219800,0.1396,direct_primary
2048,2048,2048,fp16,20,69,1.343650,1.204100,-10.3859,direct_primary
2048,2048,2048,fp16,20,70,1.465800,1.214200,-17.1647,direct_primary
2048,2048,2048,fp16,20,71,1.479450,1.217850,-17.6822,direct_primary
2048,2048,2048,fp16,20,72,1.653500,1.209550,-26.8491,direct_primary
2048,2048,2048,fp16,20,73,1.228250,1.209450,-1.5306,direct_primary
2048,2048,2048,fp16,20,74,1.230100,1.211850,-1.4836,direct_primary
2048,2048,2048,fp16,20,75,1.282650,1.464900,14.2089,direct_primary
2048,2048,2048,fp16,20,76,1.231750,1.213850,-1.4532,direct_primary
2048,2048,2048,fp16,20,77,1.210500,1.212900,0.1983,direct_primary
2048,2048,2048,fp16,20,78,1.232450,1.230150,-0.1866,direct_primary
2048,2048,2048,fp16,20,79,1.229000,1.532350,24.6827,direct_primary
2048,2048,2048,fp16,20,80,1.235250,1.217200,-1.4612,direct_primary
2048,2048,2048,fp16,20,81,1.528650,1.221300,-20.1060,direct_primary
2048,2048,2048,fp16,20,82,1.230200,1.215050,-1.2315,direct_primary
2048,2048,2048,fp16,20,83,1.515600,1.263000,-16.6667,direct_primary
2048,2048,2048,fp16,20,84,1.222800,1.213450,-0.7646,direct_primary
2048,2048,2048,fp16,20,85,1.221700,1.210050,-0.9536,direct_primary
2048,2048,2048,fp16,20,86,1.226900,1.207150,-1.6097,direct_primary
2048,2048,2048,fp16,20,87,1.230700,1.551650,26.0787,direct_primary
2048,2048,2048,fp16,20,88,1.230600,1.205350,-2.0518,direct_primary
2048,2048,2048,fp16,20,89,1.571850,1.216250,-22.6230,direct_primary
2048,2048,2048,fp16,20,90,1.229750,1.215050,-1.1954,direct_primary
2048,2048,2048,fp16,20,91,1.228050,1.210350,-1.4413,direct_primary
2048,2048,2048,fp16,20,92,1.224400,1.211800,-1.0291,direct_primary
2048,2048,2048,fp16,20,93,1.231350,1.208500,-1.8557,direct_primary
2048,2048,2048,fp16,20,94,1.231650,1.207950,-1.9242,direct_primary
2048,2048,2048,fp16,20,95,1.229750,1.221050,-0.7075,direct_primary
2048,2048,2048,fp16,20,96,1.223750,1.220700,-0.2492,direct_primary
2048,2048,2048,fp16,20,97,1.379500,1.396400,1.2251,direct_primary
2048,2048,2048,fp16,20,98,1.226550,1.220150,-0.5218,direct_primary
2048,2048,2048,fp16,20,99,1.585150,1.217750,-23.1776,direct_primary
2048,2048,2048,fp16,20,100,1.232350,1.213750,-1.5093,direct_primary
4096,4096,4096,fp16,20,0,8.484650,8.678050,2.2794,direct_primary
4096,4096,4096,fp16,20,1,8.520550,8.692750,2.0210,direct_primary
4096,4096,4096,fp16,20,2,8.765800,8.752750,-0.1489,direct_primary
4096,4096,4096,fp16,20,3,9.018300,8.461650,-6.1724,direct_primary
4096,4096,4096,fp16,20,4,8.700750,8.578500,-1.4051,direct_primary
4096,4096,4096,fp16,20,5,8.954700,8.616650,-3.7751,direct_primary
4096,4096,4096,fp16,20,6,8.814300,8.790100,-0.2746,direct_primary
4096,4096,4096,fp16,20,7,8.877350,8.785600,-1.0335,direct_primary
4096,4096,4096,fp16,20,8,8.723750,8.668250,-0.6362,direct_primary
4096,4096,4096,fp16,20,9,8.608050,8.830750,2.5871,direct_primary
4096,4096,4096,fp16,20,10,8.884750,8.532050,-3.9697,direct_primary
4096,4096,4096,fp16,20,11,8.483750,8.776850,3.4548,direct_primary
4096,4096,4096,fp16,20,12,8.711900,8.383900,-3.7650,direct_primary
4096,4096,4096,fp16,20,13,8.679200,8.641050,-0.4396,direct_primary
4096,4096,4096,fp16,20,14,8.767300,8.701300,-0.7528,direct_primary
4096,4096,4096,fp16,20,15,8.615950,8.690700,0.8676,direct_primary
4096,4096,4096,fp16,20,16,8.803400,8.770600,-0.3726,direct_primary
4096,4096,4096,fp16,20,17,8.603600,8.846250,2.8203,direct_primary
4096,4096,4096,fp16,20,18,8.667950,8.830450,1.8747,direct_primary
4096,4096,4096,fp16,20,19,8.627150,8.655050,0.3234,direct_primary
4096,4096,4096,fp16,20,20,8.672450,8.595200,-0.8908,direct_primary
4096,4096,4096,fp16,20,21,9.004700,8.472300,-5.9125,direct_primary
4096,4096,4096,fp16,20,22,8.645450,8.617150,-0.3273,direct_primary
4096,4096,4096,fp16,20,23,9.984950,8.930900,-10.5564,direct_primary
4096,4096,4096,fp16,20,24,8.761800,8.654450,-1.2252,direct_primary
4096,4096,4096,fp16,20,25,8.644550,8.653550,0.1041,direct_primary
4096,4096,4096,fp16,20,26,8.630950,8.647250,0.1889,direct_primary
4096,4096,4096,fp16,20,27,8.921100,8.507000,-4.6418,direct_primary
4096,4096,4096,fp16,20,28,8.825050,8.694550,-1.4787,direct_primary
4096,4096,4096,fp16,20,29,8.616400,8.580300,-0.4190,direct_primary
4096,4096,4096,fp16,20,30,8.814000,8.460800,-4.0073,direct_primary
4096,4096,4096,fp16,20,31,8.596750,8.685250,1.0295,direct_primary
4096,4096,4096,fp16,20,32,8.693600,8.806000,1.2929,direct_primary
4096,4096,4096,fp16,20,33,8.716200,8.762100,0.5266,direct_primary
4096,4096,4096,fp16,20,34,8.797400,8.729750,-0.7690,direct_primary
4096,4096,4096,fp16,20,35,8.761900,8.411250,-4.0020,direct_primary
4096,4096,4096,fp16,20,36,8.730150,8.451900,-3.1872,direct_primary
4096,4096,4096,fp16,20,37,8.792800,8.585900,-2.3531,direct_primary
4096,4096,4096,fp16,20,38,8.773700,8.874400,1.1477,direct_primary
4096,4096,4096,fp16,20,39,8.703350,8.403450,-3.4458,direct_primary
4096,4096,4096,fp16,20,40,8.761600,8.637450,-1.4170,direct_primary
4096,4096,4096,fp16,20,41,8.603000,8.537300,-0.7637,direct_primary
4096,4096,4096,fp16,20,42,8.936300,8.523400,-4.6205,direct_primary
4096,4096,4096,fp16,20,43,8.683350,8.689300,0.0685,direct_primary
4096,4096,4096,fp16,20,44,8.872250,8.815350,-0.6413,direct_primary
4096,4096,4096,fp16,20,45,8.604550,8.744850,1.6305,direct_primary
4096,4096,4096,fp16,20,46,8.648000,8.637700,-0.1191,direct_primary
4096,4096,4096,fp16,20,47,8.620900,8.576050,-0.5202,direct_primary
4096,4096,4096,fp16,20,48,8.772000,8.625800,-1.6667,direct_primary
4096,4096,4096,fp16,20,49,8.749450,8.770600,0.2417,direct_primary
4096,4096,4096,fp16,20,50,8.830750,8.601900,-2.5915,direct_primary
4096,4096,4096,fp16,20,51,8.620600,9.092750,5.4770,direct_primary
4096,4096,4096,fp16,20,52,8.637400,8.825700,2.1801,direct_primary
4096,4096,4096,fp16,20,53,8.756250,8.426550,-3.7653,direct_primary
4096,4096,4096,fp16,20,54,8.757550,8.887450,1.4833,direct_primary
4096,4096,4096,fp16,20,55,8.607400,8.577450,-0.3480,direct_primary
4096,4096,4096,fp16,20,56,8.708850,8.742950,0.3916,direct_primary
4096,4096,4096,fp16,20,57,8.865250,8.659100,-2.3254,direct_primary
4096,4096,4096,fp16,20,58,8.841100,8.443100,-4.5017,direct_primary
4096,4096,4096,fp16,20,59,8.648500,8.738600,1.0418,direct_primary
4096,4096,4096,fp16,20,60,8.743300,8.688900,-0.6222,direct_primary
4096,4096,4096,fp16,20,61,8.546200,8.648600,1.1982,direct_primary
4096,4096,4096,fp16,20,62,8.598200,8.736700,1.6108,direct_primary
4096,4096,4096,fp16,20,63,8.749550,8.850950,1.1589,direct_primary
4096,4096,4096,fp16,20,64,8.718200,8.769000,0.5827,direct_primary
4096,4096,4096,fp16,20,65,8.735250,8.680500,-0.6268,direct_primary
4096,4096,4096,fp16,20,66,8.837400,8.640200,-2.2314,direct_primary
4096,4096,4096,fp16,20,67,8.786700,8.566250,-2.5089,direct_primary
4096,4096,4096,fp16,20,68,8.700500,8.741350,0.4695,direct_primary
4096,4096,4096,fp16,20,69,8.620350,8.576950,-0.5035,direct_primary
4096,4096,4096,fp16,20,70,8.659050,9.032100,4.3082,direct_primary
4096,4096,4096,fp16,20,71,8.693150,8.661450,-0.3647,direct_primary
4096,4096,4096,fp16,20,72,8.825700,8.767400,-0.6606,direct_primary
4096,4096,4096,fp16,20,73,8.698650,8.554700,-1.6549,direct_primary
4096,4096,4096,fp16,20,74,8.907350,8.683950,-2.5080,direct_primary
4096,4096,4096,fp16,20,75,8.555350,8.592100,0.4296,direct_primary
4096,4096,4096,fp16,20,76,8.848000,8.759000,-1.0059,direct_primary
4096,4096,4096,fp16,20,77,8.918150,8.653900,-2.9631,direct_primary
4096,4096,4096,fp16,20,78,8.750100,8.682300,-0.7748,direct_primary
4096,4096,4096,fp16,20,79,8.828900,8.425250,-4.5719,direct_primary
4096,4096,4096,fp16,20,80,8.788600,8.634850,-1.7494,direct_primary
4096,4096,4096,fp16,20,81,8.527050,8.971200,5.2087,direct_primary
4096,4096,4096,fp16,20,82,8.763800,8.733750,-0.3429,direct_primary
4096,4096,4096,fp16,20,83,8.713900,8.714450,0.0063,direct_primary
4096,4096,4096,fp16,20,84,8.531600,8.548000,0.1922,direct_primary
4096,4096,4096,fp16,20,85,8.634200,8.535950,-1.1379,direct_primary
4096,4096,4096,fp16,20,86,8.726100,8.851100,1.4325,direct_primary
4096,4096,4096,fp16,20,87,8.677550,8.688100,0.1216,direct_primary
4096,4096,4096,fp16,20,88,8.907800,8.461650,-5.0085,direct_primary
4096,4096,4096,fp16,20,89,8.649500,8.818750,1.9568,direct_primary
4096,4096,4096,fp16,20,90,8.947000,8.768700,-1.9928,direct_primary
4096,4096,4096,fp16,20,91,8.500350,8.773500,3.2134,direct_primary
4096,4096,4096,fp16,20,92,8.998000,8.606700,-4.3487,direct_primary
4096,4096,4096,fp16,20,93,8.855050,8.539550,-3.5629,direct_primary
4096,4096,4096,fp16,20,94,8.693900,8.558600,-1.5563,direct_primary
4096,4096,4096,fp16,20,95,8.876250,8.742600,-1.5057,direct_primary
4096,4096,4096,fp16,20,96,8.633900,8.565900,-0.7876,direct_primary
4096,4096,4096,fp16,20,97,8.453650,8.750050,3.5062,direct_primary
4096,4096,4096,fp16,20,98,8.590750,8.743950,1.7833,direct_primary
4096,4096,4096,fp16,20,99,8.697250,8.863200,1.9081,direct_primary
4096,4096,4096,fp16,20,100,8.777550,8.593350,-2.0985,direct_primary
8192,4096,4096,fp16,20,0,15.546750,15.556650,0.0637,direct_primary
8192,4096,4096,fp16,20,1,15.516200,15.507150,-0.0583,direct_primary
8192,4096,4096,fp16,20,2,15.858100,16.906850,6.6133,direct_primary
8192,4096,4096,fp16,20,3,15.821000,15.731100,-0.5682,direct_primary
8192,4096,4096,fp16,20,4,15.510750,15.772600,1.6882,direct_primary
8192,4096,4096,fp16,20,5,15.745450,15.600150,-0.9228,direct_primary
8192,4096,4096,fp16,20,6,15.725500,15.588550,-0.8709,direct_primary
8192,4096,4096,fp16,20,7,15.474050,15.705400,1.4951,direct_primary
8192,4096,4096,fp16,20,8,16.038900,15.578650,-2.8696,direct_primary
8192,4096,4096,fp16,20,9,15.776100,15.613750,-1.0291,direct_primary
8192,4096,4096,fp16,20,10,15.888000,15.663500,-1.4130,direct_primary
8192,4096,4096,fp16,20,11,15.523200,15.565100,0.2699,direct_primary
8192,4096,4096,fp16,20,12,15.803800,15.322100,-3.0480,direct_primary
8192,4096,4096,fp16,20,13,15.625450,15.534400,-0.5827,direct_primary
8192,4096,4096,fp16,20,14,15.610400,16.067950,2.9311,direct_primary
8192,4096,4096,fp16,20,15,15.820650,15.574550,-1.5556,direct_primary
8192,4096,4096,fp16,20,16,15.468100,15.512700,0.2883,direct_primary
8192,4096,4096,fp16,20,17,15.928450,15.406350,-3.2778,direct_primary
8192,4096,4096,fp16,20,18,15.909800,15.588050,-2.0223,direct_primary
8192,4096,4096,fp16,20,19,15.544450,15.720300,1.1313,direct_primary
8192,4096,4096,fp16,20,20,15.719700,15.510250,-1.3324,direct_primary
8192,4096,4096,fp16,20,21,15.650400,15.732800,0.5265,direct_primary
8192,4096,4096,fp16,20,22,15.714100,15.506500,-1.3211,direct_primary
8192,4096,4096,fp16,20,23,15.606500,15.754550,0.9486,direct_primary
8192,4096,4096,fp16,20,24,15.630150,15.460850,-1.0832,direct_primary
8192,4096,4096,fp16,20,25,15.692300,15.682700,-0.0612,direct_primary
8192,4096,4096,fp16,20,26,15.493550,15.575700,0.5302,direct_primary
8192,4096,4096,fp16,20,27,15.756250,15.399700,-2.2629,direct_primary
8192,4096,4096,fp16,20,28,15.558850,15.679250,0.7738,direct_primary
8192,4096,4096,fp16,20,29,16.498800,15.255950,-7.5330,direct_primary
8192,4096,4096,fp16,20,30,15.725650,15.519100,-1.3135,direct_primary
8192,4096,4096,fp16,20,31,15.691500,15.568550,-0.7835,direct_primary
8192,4096,4096,fp16,20,32,15.831150,15.437650,-2.4856,direct_primary
8192,4096,4096,fp16,20,33,15.808550,15.606450,-1.2784,direct_primary
8192,4096,4096,fp16,20,34,15.668500,15.572950,-0.6098,direct_primary
8192,4096,4096,fp16,20,35,15.813800,15.436700,-2.3846,direct_primary
8192,4096,4096,fp16,20,36,15.817950,15.582300,-1.4898,direct_primary
8192,4096,4096,fp16,20,37,15.680550,15.723850,0.2761,direct_primary
8192,4096,4096,fp16,20,38,15.662550,15.576700,-0.5481,direct_primary
8192,4096,4096,fp16,20,39,15.993600,15.611400,-2.3897,direct_primary
8192,4096,4096,fp16,20,40,15.815600,15.617250,-1.2541,direct_primary
8192,4096,4096,fp16,20,41,15.714050,15.708250,-0.0369,direct_primary
8192,4096,4096,fp16,20,42,15.379600,15.548700,1.0995,direct_primary
8192,4096,4096,fp16,20,43,15.855000,15.695850,-1.0038,direct_primary
8192,4096,4096,fp16,20,44,15.719750,15.389800,-2.0990,direct_primary
8192,4096,4096,fp16,20,45,15.664000,15.543550,-0.7690,direct_primary
8192,4096,4096,fp16,20,46,15.551000,15.665700,0.7376,direct_primary
8192,4096,4096,fp16,20,47,15.753150,15.685500,-0.4294,direct_primary
8192,4096,4096,fp16,20,48,15.675700,15.373350,-1.9288,direct_primary
8192,4096,4096,fp16,20,49,15.645750,15.850950,1.3115,direct_primary
8192,4096,4096,fp16,20,50,15.561800,15.664250,0.6583,direct_primary
8192,4096,4096,fp16,20,51,15.757750,15.557300,-1.2721,direct_primary
8192,4096,4096,fp16,20,52,15.585500,15.838750,1.6249,direct_primary
8192,4096,4096,fp16,20,53,15.738250,15.544700,-1.2298,direct_primary
8192,4096,4096,fp16,20,54,15.852000,15.547550,-1.9206,direct_primary
8192,4096,4096,fp16,20,55,15.737550,15.675950,-0.3914,direct_primary
8192,4096,4096,fp16,20,56,15.657700,15.683850,0.1670,direct_primary
8192,4096,4096,fp16,20,57,15.833850,15.755050,-0.4977,direct_primary
8192,4096,4096,fp16,20,58,15.651800,15.390700,-1.6682,direct_primary
8192,4096,4096,fp16,20,59,15.649600,15.591100,-0.3738,direct_primary
8192,4096,4096,fp16,20,60,15.674950,15.795200,0.7671,direct_primary
8192,4096,4096,fp16,20,61,15.775150,15.551700,-1.4165,direct_primary
8192,4096,4096,fp16,20,62,15.669150,15.544950,-0.7926,direct_primary
8192,4096,4096,fp16,20,63,15.800650,15.665100,-0.8579,direct_primary
8192,4096,4096,fp16,20,64,15.706300,15.449300,-1.6363,direct_primary
8192,4096,4096,fp16,20,65,15.859150,15.722550,-0.8613,direct_primary
8192,4096,4096,fp16,20,66,15.095550,15.516450,2.7882,direct_primary
8192,4096,4096,fp16,20,67,15.696950,15.703250,0.0401,direct_primary
8192,4096,4096,fp16,20,68,15.775550,15.675250,-0.6358,direct_primary
8192,4096,4096,fp16,20,69,15.735550,15.373000,-2.3040,direct_primary
8192,4096,4096,fp16,20,70,15.537900,15.705100,1.0761,direct_primary
8192,4096,4096,fp16,20,71,15.488100,15.413750,-0.4800,direct_primary
8192,4096,4096,fp16,20,72,15.981300,15.483950,-3.1121,direct_primary
8192,4096,4096,fp16,20,73,15.972050,15.733600,-1.4929,direct_primary
8192,4096,4096,fp16,20,74,15.449750,15.743000,1.8981,direct_primary
8192,4096,4096,fp16,20,75,15.619150,15.266900,-2.2552,direct_primary
8192,4096,4096,fp16,20,76,15.477550,15.401150,-0.4936,direct_primary
8192,4096,4096,fp16,20,77,15.929150,15.698300,-1.4492,direct_primary
8192,4096,4096,fp16,20,78,15.620400,15.691100,0.4526,direct_primary
8192,4096,4096,fp16,20,79,15.514050,16.844000,8.5726,direct_primary
8192,4096,4096,fp16,20,80,15.977950,15.423750,-3.4685,direct_primary
8192,4096,4096,fp16,20,81,15.670300,15.557800,-0.7179,direct_primary
8192,4096,4096,fp16,20,82,15.767800,15.716650,-0.3244,direct_primary
8192,4096,4096,fp16,20,83,15.620250,15.457200,-1.0438,direct_primary
8192,4096,4096,fp16,20,84,15.689500,15.556300,-0.8490,direct_primary
8192,4096,4096,fp16,20,85,15.688800,15.724650,0.2285,direct_primary
8192,4096,4096,fp16,20,86,15.620050,15.426450,-1.2394,direct_primary
8192,4096,4096,fp16,20,87,15.614450,15.529250,-0.5456,direct_primary
8192,4096,4096,fp16,20,88,15.840150,15.578000,-1.6550,direct_primary
8192,4096,4096,fp16,20,89,15.504850,15.694650,1.2241,direct_primary
8192,4096,4096,fp16,20,90,15.531400,15.560300,0.1861,direct_primary
8192,4096,4096,fp16,20,91,15.770950,15.454750,-2.0050,direct_primary
8192,4096,4096,fp16,20,92,15.557750,15.670850,0.7270,direct_primary
8192,4096,4096,fp16,20,93,15.776550,15.462250,-1.9922,direct_primary
8192,4096,4096,fp16,20,94,15.702050,15.544050,-1.0062,direct_primary
8192,4096,4096,fp16,20,95,15.879650,15.852200,-0.1729,direct_primary
8192,4096,4096,fp16,20,96,15.657400,15.526450,-0.8363,direct_primary
8192,4096,4096,fp16,20,97,15.785900,15.554000,-1.4690,direct_primary
8192,4096,4096,fp16,20,98,15.455400,15.681400,1.4623,direct_primary
8192,4096,4096,fp16,20,99,15.254650,15.654300,2.6199,direct_primary
8192,4096,4096,fp16,20,100,15.682350,15.439750,-1.5470,direct_primary
4096,4096,4096,fp32,20,0,9.044000,8.721300,-3.5681,direct_primary
4096,4096,4096,fp32,20,1,8.926550,8.768950,-1.7655,direct_primary
4096,4096,4096,fp32,20,2,8.876100,8.811250,-0.7306,direct_primary
4096,4096,4096,fp32,20,3,8.667300,9.129350,5.3310,direct_primary
4096,4096,4096,fp32,20,4,8.800850,8.998650,2.2475,direct_primary
4096,4096,4096,fp32,20,5,8.848750,8.885650,0.4170,direct_primary
4096,4096,4096,fp32,20,6,8.990900,8.919300,-0.7964,direct_primary
4096,4096,4096,fp32,20,7,8.862900,8.791000,-0.8112,direct_primary
4096,4096,4096,fp32,20,8,9.082650,8.788500,-3.2386,direct_primary
4096,4096,4096,fp32,20,9,8.906200,8.909600,0.0382,direct_primary
4096,4096,4096,fp32,20,10,9.084700,8.826650,-2.8405,direct_primary
4096,4096,4096,fp32,20,11,9.061400,8.759350,-3.3334,direct_primary
4096,4096,4096,fp32,20,12,8.775450,8.607400,-1.9150,direct_primary
4096,4096,4096,fp32,20,13,8.736000,9.019350,3.2435,direct_primary
4096,4096,4096,fp32,20,14,8.973500,8.746600,-2.5286,direct_primary
4096,4096,4096,fp32,20,15,8.795350,8.999500,2.3211,direct_primary
4096,4096,4096,fp32,20,16,9.221050,9.647500,4.6247,direct_primary
4096,4096,4096,fp32,20,17,8.898900,8.896600,-0.0258,direct_primary
4096,4096,4096,fp32,20,18,8.948700,8.887850,-0.6800,direct_primary
4096,4096,4096,fp32,20,19,9.083150,8.704750,-4.1660,direct_primary
4096,4096,4096,fp32,20,20,8.658000,9.094750,5.0445,direct_primary
4096,4096,4096,fp32,20,21,8.937550,9.029750,1.0316,direct_primary
4096,4096,4096,fp32,20,22,8.980350,8.646200,-3.7209,direct_primary
4096,4096,4096,fp32,20,23,8.835200,8.792250,-0.4861,direct_primary
4096,4096,4096,fp32,20,24,8.812700,8.715300,-1.1052,direct_primary
4096,4096,4096,fp32,20,25,8.499550,8.831200,3.9020,direct_primary
4096,4096,4096,fp32,20,26,8.590500,8.735400,1.6867,direct_primary
4096,4096,4096,fp32,20,27,8.635150,8.792400,1.8210,direct_primary
4096,4096,4096,fp32,20,28,8.818250,8.611950,-2.3395,direct_primary
4096,4096,4096,fp32,20,29,8.806200,8.696850,-1.2417,direct_primary
4096,4096,4096,fp32,20,30,8.779050,8.742900,-0.4118,direct_primary
4096,4096,4096,fp32,20,31,8.655400,8.690650,0.4073,direct_primary
4096,4096,4096,fp32,20,32,8.881400,8.668800,-2.3938,direct_primary
4096,4096,4096,fp32,20,33,8.629500,8.707250,0.9010,direct_primary
4096,4096,4096,fp32,20,34,8.908650,8.572800,-3.7699,direct_primary
4096,4096,4096,fp32,20,35,8.627850,8.870600,2.8136,direct_primary
4096,4096,4096,fp32,20,36,8.826950,8.677500,-1.6931,direct_primary
4096,4096,4096,fp32,20,37,8.914650,8.547800,-4.1151,direct_primary
4096,4096,4096,fp32,20,38,8.832000,8.571700,-2.9472,direct_primary
4096,4096,4096,fp32,20,39,8.541500,8.879550,3.9577,direct_primary
4096,4096,4096,fp32,20,40,8.657900,8.789950,1.5252,direct_primary
4096,4096,4096,fp32,20,41,8.772550,8.589850,-2.0826,direct_primary
4096,4096,4096,fp32,20,42,8.696400,8.656750,-0.4559,direct_primary
4096,4096,4096,fp32,20,43,8.665750,8.720200,0.6283,direct_primary
4096,4096,4096,fp32,20,44,8.574400,8.682000,1.2549,direct_primary
4096,4096,4096,fp32,20,45,8.796700,8.926700,1.4778,direct_primary
4096,4096,4096,fp32,20,46,8.518800,8.691400,2.0261,direct_primary
4096,4096,4096,fp32,20,47,8.865400,8.856300,-0.1026,direct_primary
4096,4096,4096,fp32,20,48,8.511500,8.821550,3.6427,direct_primary
4096,4096,4096,fp32,20,49,8.710500,8.922700,2.4361,direct_primary
4096,4096,4096,fp32,20,50,8.535350,8.769000,2.7374,direct_primary
4096,4096,4096,fp32,20,51,8.555400,8.911500,4.1623,direct_primary
4096,4096,4096,fp32,20,52,8.611650,8.865700,2.9501,direct_primary
4096,4096,4096,fp32,20,53,8.692950,8.649750,-0.4970,direct_primary
4096,4096,4096,fp32,20,54,8.876350,8.565800,-3.4986,direct_primary
4096,4096,4096,fp32,20,55,8.680300,8.689650,0.1077,direct_primary
4096,4096,4096,fp32,20,56,8.613200,8.780400,1.9412,direct_primary
4096,4096,4096,fp32,20,57,8.610000,8.593750,-0.1887,direct_primary
4096,4096,4096,fp32,20,58,8.846150,8.677500,-1.9065,direct_primary
4096,4096,4096,fp32,20,59,8.665950,8.642600,-0.2694,direct_primary
4096,4096,4096,fp32,20,60,8.669600,8.747750,0.9014,direct_primary
4096,4096,4096,fp32,20,61,8.892350,8.729250,-1.8342,direct_primary
4096,4096,4096,fp32,20,62,8.713500,8.810500,1.1132,direct_primary
4096,4096,4096,fp32,20,63,8.741000,8.749650,0.0990,direct_primary
4096,4096,4096,fp32,20,64,8.916350,8.785700,-1.4653,direct_primary
4096,4096,4096,fp32,20,65,9.159750,8.588200,-6.2398,direct_primary
4096,4096,4096,fp32,20,66,8.626800,8.756900,1.5081,direct_primary
4096,4096,4096,fp32,20,67,8.666750,8.863650,2.2719,direct_primary
4096,4096,4096,fp32,20,68,8.649900,8.634650,-0.1763,direct_primary
4096,4096,4096,fp32,20,69,8.637050,8.826550,2.1940,direct_primary
4096,4096,4096,fp32,20,70,8.578750,8.849800,3.1596,direct_primary
4096,4096,4096,fp32,20,71,8.725750,8.744150,0.2109,direct_primary
4096,4096,4096,fp32,20,72,8.941000,8.584700,-3.9850,direct_primary
4096,4096,4096,fp32,20,73,8.658600,8.665950,0.0849,direct_primary
4096,4096,4096,fp32,20,74,8.750950,8.799900,0.5594,direct_primary
4096,4096,4096,fp32,20,75,8.762850,8.826400,0.7252,direct_primary
4096,4096,4096,fp32,20,76,8.692400,8.633550,-0.6770,direct_primary
4096,4096,4096,fp32,20,77,8.715350,8.564250,-1.7337,direct_primary
4096,4096,4096,fp32,20,78,8.714550,8.768950,0.6242,direct_primary
4096,4096,4096,fp32,20,79,8.758300,8.506650,-2.8733,direct_primary
4096,4096,4096,fp32,20,80,8.645500,8.613100,-0.3748,direct_primary
4096,4096,4096,fp32,20,81,8.784850,8.656050,-1.4662,direct_primary
4096,4096,4096,fp32,20,82,8.480000,8.726000,2.9009,direct_primary
4096,4096,4096,fp32,20,83,8.805400,8.707250,-1.1147,direct_primary
4096,4096,4096,fp32,20,84,8.567300,8.677750,1.2892,direct_primary
4096,4096,4096,fp32,20,85,8.809250,8.624300,-2.0995,direct_primary
4096,4096,4096,fp32,20,86,8.452300,8.701200,2.9448,direct_primary
4096,4096,4096,fp32,20,87,8.950650,8.574200,-4.2058,direct_primary
4096,4096,4096,fp32,20,88,8.639900,8.862850,2.5805,direct_primary
4096,4096,4096,fp32,20,89,8.565800,8.712300,1.7103,direct_primary
4096,4096,4096,fp32,20,90,8.704350,8.829550,1.4384,direct_primary
4096,4096,4096,fp32,20,91,8.794900,8.744250,-0.5759,direct_primary
4096,4096,4096,fp32,20,92,8.635200,8.569150,-0.7649,direct_primary
4096,4096,4096,fp32,20,93,8.889350,8.597300,-3.2854,direct_primary
4096,4096,4096,fp32,20,94,8.783650,8.877350,1.0668,direct_primary
4096,4096,4096,fp32,20,95,8.627950,8.694600,0.7725,direct_primary
4096,4096,4096,fp32,20,96,8.731850,8.636500,-1.0920,direct_primary
4096,4096,4096,fp32,20,97,8.677200,8.775050,1.1277,direct_primary
4096,4096,4096,fp32,20,98,8.952150,8.564050,-4.3353,direct_primary
4096,4096,4096,fp32,20,99,8.826150,8.599400,-2.5691,direct_primary
4096,4096,4096,fp32,20,100,8.595500,8.740150,1.6829,direct_primary
