id,R,C,D,B,Hq,Hkv,causal,current_us,previous_candidate_us,mlx_us,current_over_mlx,current_over_previous,mlx_gap_us,previous_gap_us,mlx_gap,previous_regression,current_pass0_us,current_pass1_us,evidence_phase,pre_policy_current_us
r1-c31-b1-h16-4-d256,1,31,256,1,16,4,True,4.54168185,4.562491085,9.552095,0.4754644766409882,0.9954390628688757,-5.01041315,-0.02080923499999976,False,False,4.58332943,4.50003427,final,
r1-c128-b1-h16-4-d256,1,128,256,1,16,4,True,6.62499224,6.604183,10.83335,0.6115368044049163,1.0031509181377924,-4.208357759999999,0.020809240000000173,False,False,6.7499931900000005,6.49999129,final,
r1-c256-b1-h16-4-d256,1,256,256,1,16,4,True,9.187482647500001,9.166658855000001,12.572925,0.7307355008878206,1.002271688390437,-3.3854423524999984,0.020823792499999882,False,False,9.249983125,9.124982170000001,final,
r1-c512-b1-h16-4-d256,1,512,256,1,16,4,True,12.489574175000001,12.4374783,16.0,0.7805983859375001,1.0041886203733117,-3.5104258249999987,0.0520958750000009,False,False,12.2499769,12.72917145,final,
r1-c2048-b1-h16-4-d256,1,2048,256,1,16,4,True,17.833343,17.781261675,20.5625,0.8672750395136778,1.002929000537303,-2.7291570000000007,0.05208132499999962,False,False,17.791695400000002,17.8749906,final,
r1-c8192-b1-h16-4-d256,1,8192,256,1,16,4,True,34.39583815,34.52082455,38.0625,0.9036673405582923,0.9963793912332839,-3.666661849999997,-0.12498639999999739,False,False,34.3749998,34.4166765,final,
r1-c32768-b1-h16-4-d256,1,32768,256,1,16,4,True,150.85416075,150.645821,144.698,1.0425448917745925,1.0013829772948033,6.156160749999998,0.20833974999999327,False,False,150.0208165,151.687505,final,
r1-c65536-b1-h16-4-d256,1,65536,256,1,16,4,True,304.97917025,304.1979215,291.40650000000005,1.0465764155912787,1.0025682251415382,13.57267024999993,0.7812487499999747,False,False,304.604153,305.35418749999997,final,
r1-c31-b1-h24-4-d256,1,31,256,1,24,4,True,4.750007065,4.7291687200000005,11.062517499999998,0.4293784904747044,1.0044063441661264,-6.312510434999998,0.020838344999999592,False,False,4.749977960000001,4.7500361700000004,final,
r1-c128-b1-h24-4-d256,1,128,256,1,24,4,True,7.0520909475,7.07291474,13.0729,0.5394435012506789,0.9970558400227514,-6.020809052500001,-0.020823792499999882,False,False,7.062481015,7.04170088,final,
r1-c256-b1-h24-4-d256,1,256,256,1,24,4,True,10.104165994999999,10.187504795,15.666675,0.6449464225816901,0.9918195081448301,-5.562509005000001,-0.08333880000000171,False,False,10.166666475,10.041665515,final,
r1-c512-b1-h24-4-d256,1,512,256,1,24,4,True,13.114578925,12.968739625,20.968725,0.6254352100568824,1.0112454489963592,-7.854146074999999,0.14583930000000045,False,False,12.97917335,13.2499845,final,
r1-c2048-b1-h24-4-d256,1,2048,256,1,24,4,True,20.5624965,20.83333675,23.65625,0.8692204597093792,0.9869996701320541,-3.0937534999999983,-0.2708402499999991,False,False,20.375009600000002,20.7499834,final,
r1-c8192-b1-h24-4-d256,1,8192,256,1,24,4,True,40.593760825000004,40.895844025,46.864575,0.8661928722281169,0.9926133521094385,-6.270814174999998,-0.30208319999999844,False,False,40.750019300000005,40.43750235,final,
r1-c32768-b1-h24-4-d256,1,32768,256,1,24,4,True,166.01041725,165.93749749999998,173.771,0.9553401732740215,1.0004394410612345,-7.7605827499999975,0.07291975000001116,False,False,165.00000500000002,167.0208295,final,
r1-c65536-b1-h24-4-d256,1,65536,256,1,24,4,True,336.48958174999996,336.98958574999995,337.0105,0.9984542966762162,0.9985162627536778,-0.5209182500000225,-0.5000039999999899,False,False,336.7916795,336.187484,policy-final,353.9687605
r1-c31-b1-h16-4-d128,1,31,128,1,16,4,True,4.447894755,4.39584255,6.812505,0.6529015031915574,1.0118412350779034,-2.3646102449999997,0.05205220499999985,False,False,4.29165084,4.604138669999999,final,
r1-c8192-b1-h16-4-d128,1,8192,128,1,16,4,True,26.9166776,30.06252515,30.145850000000003,0.8928816935001003,0.8953565099969655,-3.229172400000003,-3.145847549999999,False,False,26.9583543,26.8750009,final,
r1-c8192-b1-h32-4-d128,1,8192,128,1,32,4,True,32.135416425,31.8333332,30.6042,1.0500328851922287,1.009489525432417,1.5312164250000038,0.30208322500000406,False,False,32.14585015,32.1249827,final,
r1-c2048-b1-h8-8-d256,1,2048,256,1,8,8,True,18.864564475,19.28125855,22.375025,0.843108084795436,0.978388647508697,-3.510460524999999,-0.4166940749999988,False,False,18.81251225,18.9166167,final,
r1-c2049-b4-h16-4-d128,1,2049,128,4,16,4,True,20.687497450000002,27.427071474999998,60.447925,0.3422366847166384,0.754272925888454,-39.760427549999996,-6.739574024999996,False,False,20.6250115,20.7499834,final,
r1-c512-b16-h16-4-d256,1,512,256,16,16,4,True,31.27084345,31.25003425,119.4375,0.2618176322344322,1.0006658936701807,-88.16665655,0.020809200000002193,False,False,31.2916818,31.2500051,final,
r1-c513-b2-h7-1-d256,1,513,256,2,7,1,True,14.0833436,13.93750425,15.875,0.8871397543307086,1.0104638066747136,-1.7916564000000008,0.14583934999999926,False,False,14.3333455,13.8333417,final,
r1-c2049-b2-h24-4-d256-noncausal,1,2049,256,2,24,4,False,29.874994649999998,29.86459005,66.208325,0.45122716289832127,1.000348392527156,-36.333330350000004,0.010404599999997544,False,False,29.8749655,29.8750238,final,
r2-c31-b1-h16-4-d256,2,31,256,1,16,4,True,4.656249075,4.666653695,9.83334,0.47351653405658706,0.9977704323740268,-5.177090925,-0.010404620000000087,False,False,4.68749204,4.625006109999999,final,
r2-c128-b1-h16-4-d256,2,128,256,1,16,4,True,6.625021345,6.64583058,11.29165,0.5867186234961232,0.9968688285460325,-4.666628655,-0.02080923499999976,False,False,6.66669803,6.58334466,final,
r2-c256-b1-h16-4-d256,2,256,256,1,16,4,True,9.125011275,9.229173885,12.979199999999999,0.7030488223465238,0.9887137666601674,-3.8541887249999984,-0.10416260999999949,False,False,9.12504038,9.124982170000001,final,
r2-c512-b1-h16-4-d256,2,512,256,1,16,4,True,12.68752385,12.687494749999999,16.31245,0.7777816238517207,1.0000022935970083,-3.6249261499999985,2.910000000078128e-05,False,False,12.6250088,12.7500389,final,
r2-c2048-b1-h16-4-d256,2,2048,256,1,16,4,True,22.8958379,22.770836950000003,25.770850000000003,0.8884393762720282,1.0054895193476847,-2.875012100000003,0.1250009499999969,False,False,22.9583238,22.833352,final,
r2-c8192-b1-h16-4-d256,2,8192,256,1,16,4,True,52.68749375,52.760427925,58.125,0.9064515053763441,0.9986176348853031,-5.437506249999998,-0.07293417500000032,False,False,52.6249933,52.749994199999996,final,
r2-c32768-b1-h16-4-d256,2,32768,256,1,16,4,True,193.21874400000002,192.47915774999998,189.3855,1.0202404302335712,1.0038424225180818,3.8332440000000076,0.7395862500000305,False,False,192.229141,194.208347,final,
r2-c65536-b1-h16-4-d256,2,65536,256,1,16,4,True,368.9791775,368.3333345,374.656,0.9848479071468227,1.0017534199039484,-5.676822500000014,0.6458430000000135,False,False,369.41666649999996,368.5416885,final,
r2-c31-b1-h24-4-d256,2,31,256,1,24,4,True,4.60416777,4.666653695000001,11.364575,0.4051332997494407,0.9866101217094917,-6.76040723,-0.06248592500000072,False,False,4.625006109999999,4.58332943,final,
r2-c128-b1-h24-4-d256,2,128,256,1,24,4,True,6.8541557975,6.8645895249999995,13.22915,0.518110067351266,0.9984800653466603,-6.374994202500001,-0.010433727499999712,False,False,6.91664172,6.791669874999999,final,
r2-c256-b1-h24-4-d256,2,256,256,1,24,4,True,9.89582623,10.249990745000002,15.625,0.6333328787200001,0.9654473331917139,-5.729173769999999,-0.3541645150000008,False,False,9.854149545,9.937502915,final,
r2-c512-b1-h24-4-d256,2,512,256,1,24,4,True,13.822937025,13.9583426,20.833350000000003,0.6635004463996428,0.9902993085296531,-7.010412975000003,-0.13540557500000006,False,False,13.770855749999999,13.8750183,final,
r2-c2048-b1-h24-4-d256,2,2048,256,1,24,4,True,24.666675050000002,24.583321650000002,31.041624999999996,0.7946322091707507,1.003390648391081,-6.374949949999994,0.08335340000000002,False,False,24.64585125,24.68749885,final,
r2-c8192-b1-h24-4-d256,2,8192,256,1,24,4,True,62.916660675,62.74998305,70.364575,0.894152500388157,1.0026562178489704,-7.447914324999999,0.1666776250000055,False,False,63.0208233,62.81249805,final,
r2-c32768-b1-h24-4-d256,2,32768,256,1,24,4,True,250.56251650000002,250.16667500000005,249.07299999999998,1.0059802407326368,1.0015823110732074,1.489516500000036,0.39584149999996043,False,False,250.56253100000004,250.56250199999997,final,
r2-c65536-b1-h24-4-d256,2,65536,256,1,24,4,True,480.38542424999997,479.97917875,495.79175,0.9689258126017627,1.0008463815056685,-15.406325750000008,0.4062454999999545,False,False,480.41669649999994,480.354152,final,
r2-c31-b1-h16-4-d128,2,31,128,1,16,4,True,4.47916682,4.531248124999999,7.166705,0.6249966783898597,0.9885061900025615,-2.6875381800000007,-0.052081304999999745,False,False,4.58332943,4.37500421,final,
r2-c8192-b1-h16-4-d128,2,8192,128,1,16,4,True,36.18749905,36.1875136,36.385425,0.9945602957777737,0.9999995979276122,-0.19792594999999835,-1.4550000003055175e-05,False,False,36.1666607,36.2083374,final,
r2-c8192-b1-h32-4-d128,2,8192,128,1,32,4,True,51.010429175,51.249997300000004,58.1875,0.8766561404940924,0.9953254997537335,-7.177070825000001,-0.23956812500000524,False,False,51.000009999999996,51.020848349999994,final,
r2-c2048-b1-h8-8-d256,2,2048,256,1,8,8,True,18.395832750000004,18.531267425,21.64585,0.8498549491010982,0.992691558980079,-3.2500172499999955,-0.1354346749999955,False,False,18.374994400000002,18.416671100000002,final,
r2-c2049-b4-h16-4-d128,2,2049,128,4,16,4,True,30.1249966,31.249990600000004,73.624975,0.4091681742506533,0.9640001811712544,-43.4999784,-1.1249940000000045,False,False,30.1249966,30.1249966,final,
r2-c512-b16-h16-4-d256,2,512,256,16,16,4,True,50.322894825000006,50.093760374999995,157.46875,0.3195738508434213,1.0045741115916378,-107.145855175,0.22913445000001076,False,False,50.2499752,50.39581445,final,
r2-c513-b2-h7-1-d256,2,513,256,2,7,1,True,12.5624938,12.6458181,20.20835,0.6216486650320289,0.993410920563534,-7.645856199999999,-0.08332429999999924,False,False,12.6250088,12.499978800000001,final,
r2-c2049-b2-h24-4-d256-noncausal,2,2049,256,2,24,4,False,58.624980699999995,36.58334025,81.458325,0.719692931324085,1.602504864218898,-22.833344300000007,22.041640449999996,False,True,80.8749464,36.375015,final,
r1-c512-h64-4-d128,1,512,128,1,64,4,True,12.54167,13.2499845,13.333325,0.9406258378911486,0.9465422393512989,-0.7916550000000004,-0.7083145000000002,False,False,12.3750069,12.7083331,final,
r1-c2048-h64-4-d128,1,2048,128,1,64,4,True,19.822924524999998,26.458350449999998,23.1875,0.854897014555256,0.7492124107457349,-3.3645754750000023,-6.635425925,False,False,20.02084515,19.6250039,final,
r1-c8192-h64-4-d128,1,8192,128,1,64,4,True,50.989576275,49.3229163,50.583349999999996,1.008030829808623,1.033790783271264,0.40622627500000164,1.6666599749999946,False,False,51.020848349999994,50.9583042,final,
r1-c32768-h64-4-d128,1,32768,128,1,64,4,True,150.437496,175.30210625,156.04149999999998,0.9640864513606958,0.8581613719201963,-5.604003999999975,-24.86461025,False,False,149.875006,150.999986,final,
r1-c65536-h64-4-d128,1,65536,128,1,64,4,True,290.61456725,344.58332800000005,307.79175,0.9441921924483031,0.843379651989431,-17.177182749999986,-53.96876075000006,False,False,290.166674,291.0624605,final,
r2-c512-h64-4-d128,2,512,128,1,64,4,True,15.281242675,13.6250164,16.447924999999998,0.9290681149749893,1.1215577454277412,-1.1666823249999982,1.6562262749999999,False,False,15.187513749999999,15.3749716,final,
r2-c2048-h64-4-d128,2,2048,128,1,64,4,True,29.510410975,29.312504949999997,36.291650000000004,0.8131460260142483,1.0067515903310749,-6.781239025000005,0.19790602500000176,False,False,29.4999918,29.52083015,final,
r2-c8192-h64-4-d128,2,8192,128,1,64,4,True,78.9166661,88.624990875,97.645825,0.8081929370764188,0.8904561266619143,-18.7291589,-9.708324774999994,False,False,79.31250730000001,78.5208249,final,
r2-c32768-h64-4-d128,2,32768,128,1,64,4,True,259.37499599999995,307.28123975,349.84375,0.7414024003573022,0.8440964251869852,-90.46875400000005,-47.906243750000044,False,False,259.56248299999993,259.187509,final,
r2-c65536-h64-4-d128,2,65536,128,1,64,4,True,503.41666799999996,612.5624929999999,667.6872500000001,0.7539707670020656,0.8218209141969128,-164.2705820000001,-109.14582499999995,False,False,502.187497,504.6458389999999,final,
r1-c8192-b4-h16-4-d128,1,8192,128,4,16,4,True,54.812495375,54.29166775,183.823,0.2981808336008007,1.0095931410211652,-129.010504625,0.5208276249999955,False,False,52.6458316,56.97915915,final,
r1-c8192-b16-h16-4-d128,1,8192,128,16,16,4,True,272.95833574999995,288.67711075,894.4165,0.3051803446716378,0.9455489388848262,-621.4581642500001,-15.71877500000005,False,False,272.375008,273.54166349999997,final,
r2-c8192-b4-h16-4-d128,2,8192,128,4,16,4,True,83.08335965,97.56247165,233.20825000000002,0.3562625235170711,0.851591377759032,-150.12489035000002,-14.479112,False,False,82.5416937,83.6250256,final,
r2-c8192-b16-h16-4-d128,2,8192,128,16,16,4,True,300.531261,353.77082525,989.7915,0.3036308768058727,0.8495083244572893,-689.2602390000001,-53.23956425,False,False,300.0625,301.000022,final,
r1-c512-h16-8-d128,1,512,128,1,16,8,True,12.250006,11.35416095,11.270800000000001,1.0868799020477695,1.0789001542205547,0.9792059999999996,0.8958450500000001,False,False,12.250035100000002,12.2499769,gqa2-final,
r1-c8192-h16-8-d128,1,8192,128,1,16,8,True,32.1875123,31.0208707,31.65625,1.016782224679171,1.037608280285956,0.5312623000000016,1.166641600000002,False,False,31.916686600000002,32.458338000000005,gqa2-final,
r1-c32768-h16-8-d128,1,32768,128,1,16,8,True,133.854177,142.80209125,139.60399999999998,0.958813336294089,0.9373404536889092,-5.749822999999992,-8.947914249999997,False,False,133.374997,134.33335699999998,gqa2-final,
r2-c512-h16-8-d128,2,512,128,1,16,8,True,11.8750031,11.24999835,12.04165,0.9861607919180511,1.055555985925989,-0.16664689999999993,0.6250047500000004,False,False,11.8750031,11.8750031,gqa2-final,
r2-c8192-h16-8-d128,2,8192,128,1,16,8,True,35.22916815,39.2499787,36.145825,0.9746400351907861,0.8975589112867468,-0.9166568500000025,-4.02081055,False,False,35.2083589,35.2499774,gqa2-final,
r2-c32768-h16-8-d128,2,32768,128,1,16,8,True,139.3333515,134.96875175,130.7295,1.0658141544180924,1.0323378537136096,8.60385149999999,4.3645997499999964,True,False,139.54169100000001,139.125012,gqa2-final,
r1-c65536-b4-h24-4-d256,1,65536,256,4,24,4,True,1468.572925,1888.020835,3843.5275,0.3820898705681174,0.7778372451064609,-2374.954575,-419.4479100000001,False,False,1459.4999950000001,1477.645855,policy-final,
r1-c16384-b16-h16-4-d256,1,16384,256,16,16,4,True,1037.6666774999999,1038.08331,3683.965,0.28167115526341857,0.9995986521544209,-2646.2983225000003,-0.4166325000001052,False,False,1037.458335,1037.87502,policy-final,
r2-c16384-b16-h16-4-d256,2,16384,256,16,16,4,True,1369.47917,1369.4375249999998,4151.7725,0.32985409725605147,1.0000304102956432,-2782.29333,0.04164500000024418,False,False,1369.47917,1369.47917,policy-final,
r1-c32768-b4-h16-16-d128,1,32768,128,4,16,16,True,970.0208172499999,981.562509,3714.4125,0.2611505365249551,0.9882415112189253,-2744.3916827499997,-11.54169175000004,False,False,968.7916315,971.250003,policy-final,
