id,R,C,D,B,Hq,Hkv,causal,current_us,previous_candidate_us,mlx_us,current_over_mlx,current_over_previous,mlx_gap_us,previous_gap_us,mlx_gap,previous_regression,current_pass0_us,current_pass1_us
r1-c31-b1-h16-4-d256,1,31,256,1,16,4,True,4.54168185,4.5624910850000004,9.552095,0.4754644766409882,0.9954390628688756,-5.01041315,-0.020809235000000648,False,False,4.58332943,4.50003427
r1-c128-b1-h16-4-d256,1,128,256,1,16,4,True,6.62499224,6.604183,10.83335,0.6115368044049163,1.0031509181377924,-4.208357759999999,0.020809240000000173,False,False,6.7499931900000005,6.49999129
r1-c256-b1-h16-4-d256,1,256,256,1,16,4,True,9.1874826475,9.166658855,12.572925,0.7307355008878205,1.002271688390437,-3.3854423525,0.020823792499999882,False,False,9.249983125,9.124982170000001
r1-c512-b1-h16-4-d256,1,512,256,1,16,4,True,12.489574175,12.437478299999999,16.0,0.7805983859375,1.0041886203733117,-3.5104258250000004,0.0520958750000009,False,False,12.2499769,12.72917145
r1-c2048-b1-h16-4-d256,1,2048,256,1,16,4,True,17.833343000000003,17.781261675,20.5625,0.8672750395136779,1.0029290005373033,-2.729156999999997,0.052081325000003176,False,False,17.791695400000002,17.8749906
r1-c8192-b1-h16-4-d256,1,8192,256,1,16,4,True,34.395838149999996,34.52082454999999,38.0625,0.9036673405582921,0.9963793912332839,-3.666661850000004,-0.12498639999999739,False,False,34.3749998,34.4166765
r1-c32768-b1-h16-4-d256,1,32768,256,1,16,4,True,150.85416075,150.645821,144.69799999999998,1.0425448917745928,1.0013829772948033,6.156160750000026,0.20833974999999327,False,False,150.0208165,151.687505
r1-c65536-b1-h16-4-d256,1,65536,256,1,16,4,True,304.97917025,304.1979215,291.4065,1.046576415591279,1.0025682251415382,13.572670249999987,0.7812487499999747,False,False,304.604153,305.35418749999997
r1-c31-b1-h24-4-d256,1,31,256,1,24,4,True,4.750007065000001,4.7291687200000005,11.062517499999998,0.4293784904747045,1.0044063441661266,-6.312510434999997,0.02083834500000048,False,False,4.749977960000001,4.7500361700000004
r1-c128-b1-h24-4-d256,1,128,256,1,24,4,True,7.0520909475,7.07291474,13.072899999999999,0.539443501250679,0.9970558400227514,-6.020809052499999,-0.020823792499999882,False,False,7.062481015,7.04170088
r1-c256-b1-h24-4-d256,1,256,256,1,24,4,True,10.104165994999999,10.187504795,15.666674999999998,0.6449464225816901,0.9918195081448301,-5.562509004999999,-0.08333880000000171,False,False,10.166666475,10.041665515
r1-c512-b1-h24-4-d256,1,512,256,1,24,4,True,13.114578925,12.968739625,20.968725,0.6254352100568824,1.0112454489963592,-7.854146074999999,0.14583930000000045,False,False,12.97917335,13.2499845
r1-c2048-b1-h24-4-d256,1,2048,256,1,24,4,True,20.562496499999998,20.83333675,23.65625,0.869220459709379,0.9869996701320539,-3.093753500000002,-0.27084025000000267,False,False,20.375009600000002,20.7499834
r1-c8192-b1-h24-4-d256,1,8192,256,1,24,4,True,40.593760825000004,40.895844025,46.864575,0.8661928722281169,0.9926133521094385,-6.270814174999998,-0.30208319999999844,False,False,40.750019300000005,40.43750235
r1-c32768-b1-h24-4-d256,1,32768,256,1,24,4,True,166.01041725,165.93749749999998,173.77100000000002,0.9553401732740214,1.0004394410612345,-7.760582750000026,0.07291975000001116,False,False,165.00000500000002,167.0208295
r1-c65536-b1-h24-4-d256,1,65536,256,1,24,4,True,353.9687605,337.43752299999994,335.95825,1.0536093711048915,1.0489905134231323,18.010510499999953,16.53123750000003,True,False,351.93751699999996,356.000004
r1-c31-b1-h16-4-d128,1,31,128,1,16,4,True,4.447894755,4.39584255,6.812505,0.6529015031915574,1.0118412350779034,-2.3646102449999997,0.05205220499999985,False,False,4.29165084,4.604138669999999
r1-c8192-b1-h16-4-d128,1,8192,128,1,16,4,True,26.9166776,30.06252515,30.145850000000003,0.8928816935001003,0.8953565099969655,-3.229172400000003,-3.145847549999999,False,False,26.9583543,26.8750009
r1-c8192-b1-h32-4-d128,1,8192,128,1,32,4,True,32.135416425,31.833333200000002,30.6042,1.0500328851922287,1.0094895254324168,1.5312164250000038,0.3020832250000005,False,False,32.14585015,32.1249827
r1-c2048-b1-h8-8-d256,1,2048,256,1,8,8,True,18.864564474999998,19.28125855,22.375025,0.8431080847954359,0.9783886475086969,-3.5104605250000027,-0.41669407500000233,False,False,18.81251225,18.9166167
r1-c2049-b4-h16-4-d128,1,2049,128,4,16,4,True,20.687497450000002,27.427071475,60.447925,0.3422366847166384,0.7542729258884538,-39.760427549999996,-6.739574025,False,False,20.6250115,20.7499834
r1-c512-b16-h16-4-d256,1,512,256,16,16,4,True,31.27084345,31.250034250000002,119.4375,0.2618176322344322,1.0006658936701804,-88.16665655,0.02080919999999864,False,False,31.2916818,31.2500051
r1-c513-b2-h7-1-d256,1,513,256,2,7,1,True,14.0833436,13.93750425,15.875,0.8871397543307086,1.0104638066747136,-1.7916564000000008,0.14583934999999926,False,False,14.3333455,13.8333417
r1-c2049-b2-h24-4-d256-noncausal,1,2049,256,2,24,4,False,29.87499465,29.86459005,66.20832500000002,0.4512271628983212,1.0003483925271561,-36.33333035000001,0.010404600000001096,False,False,29.8749655,29.8750238
r2-c31-b1-h16-4-d256,2,31,256,1,16,4,True,4.656249075000001,4.666653695,9.83334,0.47351653405658717,0.9977704323740271,-5.177090924999999,-0.010404619999999198,False,False,4.68749204,4.625006109999999
r2-c128-b1-h16-4-d256,2,128,256,1,16,4,True,6.625021345,6.645830579999999,11.29165,0.5867186234961232,0.9968688285460328,-4.666628655,-0.02080923499999887,False,False,6.66669803,6.58334466
r2-c256-b1-h16-4-d256,2,256,256,1,16,4,True,9.125011275,9.229173885,12.9792,0.7030488223465237,0.9887137666601674,-3.854188725,-0.10416260999999949,False,False,9.12504038,9.124982170000001
r2-c512-b1-h16-4-d256,2,512,256,1,16,4,True,12.68752385,12.68749475,16.31245,0.7777816238517207,1.000002293597008,-3.6249261499999985,2.9099999999004922e-05,False,False,12.6250088,12.7500389
r2-c2048-b1-h16-4-d256,2,2048,256,1,16,4,True,22.8958379,22.770836950000003,25.77085,0.8884393762720283,1.0054895193476847,-2.8750120999999993,0.1250009499999969,False,False,22.9583238,22.833352
r2-c8192-b1-h16-4-d256,2,8192,256,1,16,4,True,52.687493749999994,52.760427925,58.125,0.906451505376344,0.998617634885303,-5.4375062500000055,-0.07293417500000743,False,False,52.6249933,52.749994199999996
r2-c32768-b1-h16-4-d256,2,32768,256,1,16,4,True,193.218744,192.47915774999998,189.38549999999998,1.0202404302335712,1.0038424225180818,3.8332440000000076,0.7395862500000021,False,False,192.229141,194.208347
r2-c65536-b1-h16-4-d256,2,65536,256,1,16,4,True,368.9791775,368.3333345,374.656,0.9848479071468227,1.0017534199039484,-5.676822500000014,0.6458430000000135,False,False,369.41666649999996,368.5416885
r2-c31-b1-h24-4-d256,2,31,256,1,24,4,True,4.60416777,4.666653695,11.364575,0.4051332997494407,0.9866101217094919,-6.76040723,-0.06248592499999983,False,False,4.625006109999999,4.58332943
r2-c128-b1-h24-4-d256,2,128,256,1,24,4,True,6.8541557975,6.864589525,13.229149999999999,0.518110067351266,0.9984800653466602,-6.374994202499999,-0.0104337275000006,False,False,6.91664172,6.791669874999999
r2-c256-b1-h24-4-d256,2,256,256,1,24,4,True,9.895826229999999,10.249990745000002,15.625,0.63333287872,0.9654473331917137,-5.729173770000001,-0.35416451500000257,False,False,9.854149545,9.937502915
r2-c512-b1-h24-4-d256,2,512,256,1,24,4,True,13.822937025,13.9583426,20.83335,0.6635004463996429,0.9902993085296531,-7.0104129749999995,-0.13540557500000006,False,False,13.770855749999999,13.8750183
r2-c2048-b1-h24-4-d256,2,2048,256,1,24,4,True,24.66667505,24.58332165,31.041624999999996,0.7946322091707506,1.003390648391081,-6.374949949999998,0.08335340000000002,False,False,24.64585125,24.68749885
r2-c8192-b1-h24-4-d256,2,8192,256,1,24,4,True,62.916660675,62.74998305,70.364575,0.894152500388157,1.0026562178489704,-7.447914324999999,0.1666776250000055,False,False,63.0208233,62.81249805
r2-c32768-b1-h24-4-d256,2,32768,256,1,24,4,True,250.5625165,250.166675,249.07299999999998,1.0059802407326366,1.0015823110732074,1.4895165000000077,0.39584149999998886,False,False,250.56253100000004,250.56250199999997
r2-c65536-b1-h24-4-d256,2,65536,256,1,24,4,True,480.38542424999997,479.97917875,495.79175,0.9689258126017627,1.0008463815056685,-15.406325750000008,0.4062454999999545,False,False,480.41669649999994,480.354152
r2-c31-b1-h16-4-d128,2,31,128,1,16,4,True,4.47916682,4.531248124999999,7.166705,0.6249966783898597,0.9885061900025615,-2.6875381800000007,-0.052081304999999745,False,False,4.58332943,4.37500421
r2-c8192-b1-h16-4-d128,2,8192,128,1,16,4,True,36.18749905,36.187513599999996,36.385425,0.9945602957777737,0.9999995979276124,-0.19792594999999835,-1.4549999995949747e-05,False,False,36.1666607,36.2083374
r2-c8192-b1-h32-4-d128,2,8192,128,1,32,4,True,51.010429175,51.249997300000004,58.1875,0.8766561404940924,0.9953254997537335,-7.177070825000001,-0.23956812500000524,False,False,51.000009999999996,51.020848349999994
r2-c2048-b1-h8-8-d256,2,2048,256,1,8,8,True,18.39583275,18.531267424999996,21.645850000000003,0.8498549491010978,0.992691558980079,-3.2500172500000026,-0.1354346749999955,False,False,18.374994400000002,18.416671100000002
r2-c2049-b4-h16-4-d128,2,2049,128,4,16,4,True,30.1249966,31.2499906,73.624975,0.4091681742506533,0.9640001811712545,-43.4999784,-1.124994000000001,False,False,30.1249966,30.1249966
r2-c512-b16-h16-4-d256,2,512,256,16,16,4,True,50.322894825000006,50.093760374999995,157.46875,0.3195738508434213,1.0045741115916378,-107.145855175,0.22913445000001076,False,False,50.2499752,50.39581445
r2-c513-b2-h7-1-d256,2,513,256,2,7,1,True,12.5624938,12.645818100000001,20.20835,0.6216486650320289,0.9934109205635339,-7.645856199999999,-0.08332430000000102,False,False,12.6250088,12.499978800000001
r2-c2049-b2-h24-4-d256-noncausal,2,2049,256,2,24,4,False,58.624980699999995,36.58334025,81.458325,0.719692931324085,1.602504864218898,-22.833344300000007,22.041640449999996,False,True,80.8749464,36.375015
r1-c512-h64-4-d128,1,512,128,1,64,4,True,12.541670000000002,13.2499845,13.333325,0.9406258378911487,0.946542239351299,-0.7916549999999987,-0.7083144999999984,False,False,12.3750069,12.7083331
r1-c2048-h64-4-d128,1,2048,128,1,64,4,True,19.822924525,26.45835045,23.1875,0.8548970145552561,0.749212410745735,-3.3645754749999988,-6.635425925,False,False,20.02084515,19.6250039
r1-c8192-h64-4-d128,1,8192,128,1,64,4,True,50.989576275,49.3229163,50.583349999999996,1.008030829808623,1.033790783271264,0.40622627500000164,1.6666599749999946,False,False,51.020848349999994,50.9583042
r1-c32768-h64-4-d128,1,32768,128,1,64,4,True,150.437496,175.30210624999998,156.0415,0.9640864513606957,0.8581613719201964,-5.604004000000003,-24.86461024999997,False,False,149.875006,150.999986
r1-c65536-h64-4-d128,1,65536,128,1,64,4,True,290.61456725,344.583328,307.79175000000004,0.944192192448303,0.8433796519894311,-17.177182750000043,-53.96876075,False,False,290.166674,291.0624605
r2-c512-h64-4-d128,2,512,128,1,64,4,True,15.281242675000001,13.6250164,16.447924999999998,0.9290681149749894,1.1215577454277414,-1.1666823249999965,1.6562262750000016,False,False,15.187513749999999,15.3749716
r2-c2048-h64-4-d128,2,2048,128,1,64,4,True,29.510410975,29.312504949999997,36.29165,0.8131460260142485,1.0067515903310749,-6.781239024999998,0.19790602500000176,False,False,29.4999918,29.52083015
r2-c8192-h64-4-d128,2,8192,128,1,64,4,True,78.9166661,88.62499087500001,97.64582499999999,0.8081929370764189,0.8904561266619142,-18.729158899999987,-9.708324775000008,False,False,79.31250730000001,78.5208249
r2-c32768-h64-4-d128,2,32768,128,1,64,4,True,259.37499599999995,307.28123975,349.84375,0.7414024003573022,0.8440964251869852,-90.46875400000005,-47.906243750000044,False,False,259.56248299999993,259.187509
r2-c65536-h64-4-d128,2,65536,128,1,64,4,True,503.41666799999996,612.562493,667.6872500000001,0.7539707670020656,0.8218209141969127,-164.2705820000001,-109.14582500000006,False,False,502.187497,504.6458389999999
r1-c8192-b4-h16-4-d128,1,8192,128,4,16,4,True,54.812495375,54.291667749999995,183.823,0.2981808336008007,1.0095931410211654,-129.010504625,0.5208276250000026,False,False,52.6458316,56.97915915
r1-c8192-b16-h16-4-d128,1,8192,128,16,16,4,True,272.95833574999995,288.67711075,894.4164999999999,0.30518034467163785,0.9455489388848262,-621.45816425,-15.71877500000005,False,False,272.375008,273.54166349999997
r2-c8192-b4-h16-4-d128,2,8192,128,4,16,4,True,83.08335964999999,97.56247165,233.20825,0.3562625235170711,0.8515913777590318,-150.12489035,-14.479112000000015,False,False,82.5416937,83.6250256
r2-c8192-b16-h16-4-d128,2,8192,128,16,16,4,True,300.531261,353.77082525,989.7914999999999,0.30363087680587275,0.8495083244572893,-689.260239,-53.23956425,False,False,300.0625,301.000022
r1-c512-h16-8-d128,1,512,128,1,16,8,True,12.250006,11.35416095,11.270800000000001,1.0868799020477695,1.0789001542205547,0.9792059999999996,0.8958450500000001,False,False,12.250035100000002,12.2499769
r1-c8192-h16-8-d128,1,8192,128,1,16,8,True,32.1875123,31.0208707,31.656249999999996,1.016782224679171,1.037608280285956,0.5312623000000052,1.166641600000002,False,False,31.916686600000002,32.458338000000005
r1-c32768-h16-8-d128,1,32768,128,1,16,8,True,133.854177,142.80209125,139.604,0.9588133362940888,0.9373404536889092,-5.749823000000021,-8.947914249999997,False,False,133.374997,134.33335699999998
r2-c512-h16-8-d128,2,512,128,1,16,8,True,11.8750031,11.24999835,12.04165,0.9861607919180511,1.055555985925989,-0.16664689999999993,0.6250047500000004,False,False,11.8750031,11.8750031
r2-c8192-h16-8-d128,2,8192,128,1,16,8,True,35.22916815000001,39.2499787,36.145824999999995,0.9746400351907866,0.8975589112867469,-0.9166568499999883,-4.020810549999993,False,False,35.2083589,35.2499774
r2-c32768-h16-8-d128,2,32768,128,1,16,8,True,139.33335150000002,134.96875175,130.7295,1.0658141544180926,1.0323378537136099,8.603851500000019,4.364599750000025,True,False,139.54169100000001,139.125012
